User,Movie_ID,Drama,Romance,Action,Comedy
1,1,3,0,4,3
1,2,5,2,2,0
1,3,4,1,2,3
1,4,0,3,5,1
1,5,3,0,2,3
1,6,4,0,1,0
1,7,3,0,2,3
1,8,5,0,2,4
1,9,4,0,5,0
1,10,0,0,4,3
1,11,0,0,2,5
1,12,4,0,3,5
1,13,4,4,0,0
1,14,5,0,1,4
1,15,5,1,0,3
1,16,3,0,0,4
1,17,5,0,4,0
1,18,5,3,1,2
1,19,4,1,5,1
1,20,4,0,0,1
1,21,5,0,0,0
1,22,3,4,1,1
1,23,4,2,5,3
1,24,3,0,3,3
1,25,0,4,2,4
1,26,4,0,0,3
1,27,4,0,0,0
1,28,4,5,2,0
1,29,3,0,2,3
1,30,3,1,3,4
1,31,4,3,5,0
1,32,5,1,3,2
1,33,5,2,4,2
1,34,4,1,0,1
1,35,5,4,0,2
1,36,3,1,4,2
2,37,3,3,2,0
2,7,4,3,0,3
2,38,3,1,3,1
2,39,5,5,3,1
2,40,5,4,0,1
2,41,4,0,1,3
2,42,4,2,0,4
2,43,4,2,2,4
2,44,1,3,0,3
2,45,4,0,5,3
2,46,3,0,3,2
2,47,3,3,0,0
2,8,3,1,2,3
2,48,3,0,0,0
2,6,4,0,1,0
2,1,4,0,4,2
2,34,3,0,0,0
2,49,5,3,0,0
2,50,5,1,0,0
2,21,3,2,1,0
2,29,4,1,2,5
2,51,4,1,0,4
3,52,4,1,0,0
3,27,3,0,0,0
3,19,4,2,4,0
3,15,5,3,1,4
3,16,4,0,0,4
3,53,4,1,2,2
3,54,4,4,1,0
3,50,4,0,0,0
3,55,5,3,2,0
3,56,0,1,4,5
3,5,5,2,0,3
3,57,4,0,1,5
3,21,3,2,1,2
3,58,4,1,3,1
3,59,4,4,3,0
3,40,4,4,2,0
3,23,4,0,4,0
3,60,5,3,3,0
3,61,4,3,1,0
3,20,3,2,0,2
3,32,5,0,0,2
3,29,4,1,3,3
3,62,3,1,1,5
3,1,4,0,3,0
3,9,5,0,4,2
3,63,3,0,4,0
3,64,4,1,3,0
3,65,5,5,0,3
3,66,3,1,0,3
3,67,4,4,1,1
3,25,0,3,2,5
3,18,5,2,0,1
3,68,3,0,3,0
3,69,2,3,0,5
3,48,3,1,2,0
3,34,5,3,0,2
4,58,5,3,5,2
4,37,5,5,1,0
4,25,1,5,0,5
4,24,3,0,4,2
4,70,5,0,0,0
4,71,3,0,0,3
4,13,5,3,2,1
4,72,3,2,0,0
4,63,3,3,3,0
4,43,5,0,0,4
4,39,4,4,0,0
4,68,4,0,5,2
4,35,5,3,1,3
4,48,4,0,0,0
4,73,4,0,1,0
4,38,5,1,4,0
4,74,3,0,2,2
4,27,5,0,3,1
4,75,3,3,0,0
4,19,5,0,5,0
4,4,2,5,3,0
4,40,3,5,0,0
4,76,3,2,0,2
4,77,3,1,4,0
4,78,0,4,0,4
4,69,3,3,0,3
4,79,5,3,2,0
4,51,5,0,0,3
4,80,5,2,0,3
4,81,3,0,3,3
4,13,5,3,0,1
4,11,3,2,0,3
4,45,5,3,5,0
4,66,4,3,0,0
4,9,3,3,5,0
4,61,5,3,0,1
4,7,5,0,1,3
4,26,4,0,1,5
4,28,5,4,2,2
4,82,0,0,3,4
4,41,5,0,0,3
4,83,3,0,3,0
4,16,4,0,1,3
4,84,5,2,5,0
4,52,3,2,2,0
5,52,4,0,0,2
5,46,4,0,4,0
5,37,3,3,0,0
5,23,5,1,5,2
5,58,5,0,3,2
5,3,4,1,2,3
5,85,0,3,1,3
5,5,3,0,1,5
5,86,5,0,0,0
5,12,3,0,0,3
5,87,4,3,4,2
5,20,4,3,1,0
5,40,3,5,3,1
5,9,4,0,5,2
5,18,5,0,0,3
5,61,5,5,0,2
5,24,3,0,4,0
5,66,3,1,2,0
5,55,4,5,2,2
5,72,5,1,0,2
5,88,0,1,0,4
5,57,3,0,0,4
5,89,5,2,4,0
5,22,4,5,1,0
5,82,1,0,3,4
5,90,5,0,4,0
5,38,5,2,3,2
5,14,4,0,0,4
5,80,3,0,0,5
6,52,5,2,3,0
6,5,4,2,0,4
6,89,5,1,5,0
6,8,5,0,0,3
6,37,4,3,0,1
6,19,3,0,4,1
6,57,5,0,0,4
6,43,4,3,0,4
6,54,4,4,0,0
6,33,4,2,4,0
6,64,4,0,5,3
6,58,4,1,4,0
6,91,4,0,0,4
6,29,4,0,1,5
6,92,0,0,5,0
6,80,3,0,0,5
6,13,3,4,2,1
6,79,4,0,0,1
6,23,4,1,4,0
6,84,4,2,4,0
6,27,4,2,0,3
6,62,3,0,3,3
6,25,0,4,3,5
6,93,4,3,4,2
6,94,4,0,5,0
6,15,4,2,1,5
6,86,3,2,2,2
6,36,3,3,5,1
6,40,5,5,0,3
6,48,5,0,0,3
6,69,0,4,1,3
6,46,3,0,3,1
6,56,3,0,4,3
6,5,4,2,3,5
6,95,5,0,4,0
6,26,3,0,0,5
6,42,4,1,0,4
6,39,4,4,0,0
6,44,0,5,1,3
6,49,5,1,2,0
7,76,3,0,0,0
7,96,2,5,4,0
7,3,5,2,2,4
7,86,3,2,2,1
7,12,5,0,0,3
7,83,5,0,3,0
7,58,4,1,4,1
7,75,4,4,2,2
7,25,0,4,1,4
7,97,3,0,0,2
7,13,3,3,2,1
7,45,4,1,3,3
7,14,5,2,0,5
7,80,3,0,1,4
7,72,5,0,2,0
7,15,4,0,0,5
7,98,3,4,2,2
7,42,3,0,0,3
7,88,0,0,1,3
7,13,3,3,0,0
7,87,3,0,5,3
7,74,5,0,0,2
7,7,3,2,0,5
7,77,4,2,3,0
7,18,5,0,0,1
7,31,5,3,5,0
7,47,5,0,0,0
7,33,3,0,4,0
7,99,3,0,2,4
7,24,4,1,4,3
7,40,4,4,2,1
7,26,4,1,1,5
7,28,3,5,2,0
7,92,0,1,3,3
7,68,5,0,5,2
7,100,4,3,2,0
7,49,5,1,0,0
7,60,3,3,0,0
7,85,0,4,0,5
7,70,4,0,0,0
7,39,3,3,0,1
7,22,4,3,0,1
7,65,4,3,0,1
7,5,4,1,3,5
7,71,4,3,2,5
7,64,5,2,3,0
7,101,5,0,4,3
7,20,4,2,0,0
7,43,5,0,3,3
7,102,0,3,0,4
8,62,5,2,0,3
8,11,0,0,0,4
8,42,5,0,1,5
8,4,0,3,3,0
8,1,5,0,5,0
8,40,4,5,0,0
8,97,3,0,1,2
8,103,5,0,3,0
8,95,4,2,5,0
8,55,4,5,0,3
8,47,4,0,3,3
8,64,4,1,4,2
8,31,4,0,4,1
8,104,3,3,1,0
8,105,3,2,2,3
8,86,5,3,1,1
8,77,5,3,5,1
8,36,5,0,3,0
8,59,3,4,0,2
8,72,3,0,0,0
8,56,1,0,4,3
8,83,3,0,5,3
8,2,5,1,1,2
8,32,3,2,0,0
8,28,5,4,0,2
8,39,4,3,0,2
8,44,0,4,1,4
9,20,5,1,2,0
9,32,3,0,2,1
9,57,3,0,3,5
9,89,3,0,5,2
9,26,4,0,0,5
9,86,3,0,0,0
9,85,0,4,0,5
9,91,3,2,0,4
9,59,5,4,0,2
9,40,3,3,2,2
9,50,5,0,1,0
9,71,5,0,1,3
9,49,4,0,2,0
9,87,3,0,3,0
9,48,4,0,3,0
9,42,3,0,2,3
9,17,5,2,4,0
9,5,3,2,3,4
9,44,0,5,0,5
9,30,4,0,0,4
9,68,3,3,3,1
9,69,0,4,0,5
9,52,3,1,0,1
9,94,3,0,4,3
9,80,3,3,0,3
9,81,4,0,0,0
9,88,0,2,0,5
9,25,0,5,0,5
9,93,3,0,3,0
9,7,4,3,1,3
9,73,3,2,2,2
9,77,4,1,4,1
9,97,5,1,0,0
9,99,5,1,0,3
9,38,3,0,4,0
9,40,5,3,0,0
9,75,5,5,0,0
9,106,4,2,2,3
9,60,3,3,3,0
9,103,3,1,4,2
9,90,5,3,5,0
9,79,5,0,1,0
9,36,3,1,4,0
9,24,3,0,5,0
9,66,4,2,0,1
10,50,5,0,0,3
10,57,4,2,3,4
10,35,5,5,1,0
10,75,4,3,0,1
10,63,4,1,4,2
10,21,3,3,0,0
10,39,4,4,0,2
10,92,0,1,4,1
10,77,5,2,3,0
10,38,4,1,5,2
10,5,3,2,0,4
10,78,2,3,2,4
10,40,4,3,1,0
10,105,4,0,1,0
10,82,3,2,2,3
10,85,2,5,0,3
10,67,3,4,1,0
10,47,3,0,0,0
10,41,3,1,3,3
10,17,3,2,5,2
10,43,3,2,0,5
10,16,4,0,0,5
10,31,4,1,5,2
10,44,0,4,0,3
10,29,5,0,1,3
10,32,3,0,2,2
10,61,3,4,1,0
10,84,5,1,4,1
10,83,5,2,5,3
10,33,3,1,3,1
10,49,5,0,3,0
10,60,4,5,1,0
10,12,3,1,0,3
10,13,5,5,3,2
10,2,5,0,3,2
11,59,5,4,0,0
11,54,4,4,2,2
11,64,4,0,4,3
11,6,5,0,2,2
11,83,4,2,4,0
11,2,5,0,0,1
11,32,3,1,1,0
11,86,4,2,0,0
11,106,3,0,0,5
11,77,4,3,3,0
11,58,5,0,4,2
11,69,0,4,0,4
11,47,5,0,3,1
11,34,5,3,0,3
11,36,3,3,5,2
11,101,5,2,4,0
11,17,3,1,5,1
11,12,3,0,0,4
11,1,3,2,4,3
11,5,4,0,0,5
11,23,5,1,5,1
11,73,4,2,0,0
11,51,4,1,0,4
11,92,0,0,4,2
11,13,3,5,1,2
11,95,5,1,5,1
11,25,3,3,1,3
11,50,5,0,2,0
11,18,4,0,0,0
11,81,4,2,0,1
11,5,5,1,3,5
11,55,5,3,0,0
11,11,1,2,0,4
11,80,3,0,1,3
11,99,5,1,0,5
11,22,5,3,2,2
11,96,2,3,3,1
11,62,5,1,3,5
11,82,1,1,0,3
11,97,5,0,0,2
11,66,4,3,0,0
11,43,5,0,0,4
11,52,3,0,2,2
11,8,4,0,0,3
11,7,4,0,3,3
12,19,4,0,4,0
12,20,3,2,2,0
12,47,3,0,0,0
12,65,5,3,3,0
12,86,3,0,0,3
12,48,5,0,2,0
12,82,0,1,0,4
12,43,3,0,0,4
12,63,4,0,5,3
12,41,4,1,0,5
12,72,3,0,2,0
12,44,1,3,0,5
12,51,5,2,3,5
12,70,4,0,0,1
12,95,4,0,5,0
12,66,5,3,3,3
12,69,2,3,1,4
12,104,3,3,1,2
12,36,4,0,4,0
12,93,5,0,5,3
12,90,4,0,3,3
12,105,3,0,1,2
12,7,3,3,0,3
12,1,4,0,3,0
12,76,5,2,0,0
12,38,3,3,4,1
12,40,3,4,1,1
12,84,5,2,3,2
12,100,3,2,0,2
12,26,5,3,1,3
12,39,5,3,0,3
12,5,5,0,0,4
12,96,0,3,3,2
12,16,4,0,0,4
12,97,3,0,1,2
13,88,1,1,2,5
13,106,5,0,0,3
13,20,5,1,0,0
13,8,5,0,0,3
13,54,4,4,0,0
13,31,3,1,4,0
13,4,2,3,3,0
13,32,5,0,0,0
13,5,3,2,1,5
13,21,5,0,3,2
13,62,5,2,0,5
13,53,5,1,2,0
13,35,3,3,3,1
13,48,3,0,2,1
13,84,4,1,5,0
13,96,3,3,3,0
13,93,4,1,5,2
13,59,5,3,1,0
13,7,4,0,3,4
13,28,3,4,2,0
13,89,5,1,4,2
13,76,3,1,0,2
13,29,3,2,0,5
13,73,5,0,2,3
13,71,5,0,0,4
13,43,5,0,2,4
13,46,4,0,4,0
13,105,4,0,1,1
13,42,3,1,0,5
13,75,4,5,3,0
13,39,3,4,1,0
14,29,3,0,0,5
14,105,4,0,0,2
14,94,4,0,4,0
14,76,3,0,0,0
14,81,5,2,0,0
14,40,4,5,0,0
14,8,4,3,1,5
14,6,5,0,0,0
14,53,5,0,1,3
14,71,4,0,2,5
14,46,4,0,4,1
14,25,2,3,1,5
14,57,5,2,1,4
14,91,4,0,1,4
14,83,4,2,3,1
14,36,5,0,4,0
14,107,3,0,0,1
14,89,5,0,4,0
14,21,4,2,0,0
14,17,4,0,3,1
14,102,2,3,2,5
14,12,3,0,2,5
14,65,3,5,0,0
14,73,4,0,1,2
14,101,5,0,5,0
14,90,4,0,4,0
14,4,0,3,3,0
14,77,3,2,5,3
14,41,3,2,2,5
14,87,4,2,3,0
14,99,4,0,0,5
14,59,5,3,1,2
14,30,4,0,0,4
14,40,3,5,2,1
14,24,4,3,4,0
14,5,3,0,3,5
14,31,3,0,5,1
14,37,3,4,0,0
14,54,4,3,3,3
14,70,5,0,0,2
15,56,0,2,4,4
15,7,4,2,0,4
15,32,4,1,2,0
15,97,5,0,0,1
15,98,4,4,1,0
15,108,4,0,1,5
15,30,5,0,0,5
15,49,5,0,1,0
15,26,4,0,0,5
15,27,5,2,0,0
15,106,4,1,1,3
15,92,0,0,4,1
15,59,5,4,0,3
15,72,3,0,2,0
15,4,1,3,4,0
15,40,5,5,0,0
15,13,4,3,1,2
15,51,4,0,0,4
15,42,5,0,0,4
15,53,5,2,0,2
15,63,3,2,5,2
15,107,5,2,2,0
15,38,4,0,4,1
15,100,4,1,0,1
15,36,3,0,3,1
15,28,4,4,0,3
15,79,4,1,0,0
16,54,4,5,0,2
16,19,3,2,3,0
16,1,5,1,5,1
16,79,5,2,0,0
16,88,2,3,0,3
16,41,4,1,3,5
16,14,5,3,2,4
16,65,3,3,0,1
16,24,4,1,3,3
16,105,4,3,0,0
16,95,4,0,4,0
16,67,4,5,0,0
16,85,0,5,2,3
16,104,4,3,0,2
16,28,3,5,1,2
16,108,5,1,0,5
16,10,0,1,5,3
16,15,5,3,2,3
16,107,3,0,2,0
16,18,3,1,0,0
16,39,3,4,0,2
16,61,3,3,0,0
16,77,4,0,5,0
17,2,5,2,0,2
17,5,3,0,0,3
17,64,4,1,5,1
17,32,4,2,0,1
17,100,4,3,0,3
17,76,5,0,3,3
17,108,4,0,0,5
17,17,5,0,4,0
17,72,3,0,0,0
17,79,3,2,0,0
17,43,3,0,3,5
17,4,3,4,5,3
17,10,0,1,5,5
17,57,5,0,0,5
17,103,4,0,5,0
17,99,4,0,1,3
17,95,3,3,5,0
17,106,3,0,0,4
17,46,3,1,3,0
17,16,3,0,0,3
17,51,5,0,0,4
17,75,4,5,3,0
17,50,4,0,1,0
17,58,5,2,5,1
17,63,4,2,4,1
17,104,4,3,2,0
17,88,2,3,1,3
17,36,3,0,4,0
17,22,5,3,0,0
17,60,5,5,1,3
17,8,3,0,0,4
17,40,3,4,1,0
17,102,0,5,1,4
17,71,4,0,0,4
18,89,4,0,4,0
18,12,3,0,1,3
18,19,5,2,4,1
18,31,3,0,4,0
18,107,5,3,0,0
18,13,5,4,0,1
18,5,5,0,2,3
18,49,5,1,1,3
18,25,1,5,2,4
18,16,5,2,1,4
18,104,5,4,0,1
18,70,4,0,1,0
18,106,5,2,2,3
18,47,5,3,1,2
18,73,5,3,0,2
18,18,4,0,0,0
18,13,5,3,1,3
18,32,4,0,2,1
18,105,5,1,2,0
18,35,5,4,0,0
18,97,5,2,0,0
18,40,5,4,0,0
18,52,3,0,3,1
18,87,3,3,4,0
18,94,5,0,3,0
18,66,5,3,2,3
18,93,5,2,4,0
18,41,5,1,1,4
18,62,3,1,0,3
18,43,5,0,2,5
18,80,4,0,0,4
18,101,4,2,5,2
18,17,4,3,3,1
18,55,5,3,1,0
18,69,3,4,1,3
18,21,4,0,0,0
18,10,3,0,5,3
18,86,5,0,3,0
19,49,4,0,0,0
19,98,3,4,1,0
19,56,3,2,4,4
19,93,4,0,4,1
19,9,3,0,4,1
19,107,4,1,0,2
19,54,4,3,0,1
19,74,3,1,0,0
19,47,3,2,1,1
19,40,3,5,2,0
19,16,5,0,1,3
19,91,3,0,0,3
19,88,2,1,3,4
19,32,3,0,1,2
19,41,4,0,2,4
19,83,5,2,4,2
19,96,0,5,3,1
19,33,5,0,5,2
19,20,3,0,1,2
19,29,4,2,1,3
19,102,0,5,2,5
19,18,4,0,2,0
19,58,4,0,5,0
19,105,3,2,2,0
19,81,3,2,2,0
19,89,3,0,5,0
19,40,4,3,3,1
19,69,2,5,0,3
19,63,3,3,4,0
19,70,4,0,0,2
19,24,4,0,5,0
20,89,4,2,3,0
20,95,4,0,3,1
20,75,3,5,1,2
20,4,1,3,4,0
20,33,5,2,5,0
20,59,5,3,0,2
20,17,4,1,3,1
20,76,4,0,0,0
20,1,5,1,4,2
20,30,4,3,0,3
20,24,3,0,4,0
20,70,4,0,2,0
20,29,5,1,0,5
20,66,5,0,2,0
20,44,2,3,0,5
20,83,4,0,5,2
20,84,4,0,3,3
20,56,1,0,5,5
20,51,5,0,0,4
20,3,4,0,0,5
20,60,3,3,0,0
20,61,5,5,1,1
20,32,5,3,0,2
20,20,3,0,0,1
21,63,5,1,4,0
21,42,3,0,0,3
21,6,5,0,0,3
21,103,3,2,5,2
21,97,5,3,0,1
21,89,3,0,3,1
21,32,3,0,0,0
21,50,3,0,0,0
21,62,5,1,3,5
21,19,5,1,3,0
21,94,5,1,3,0
21,26,5,3,2,3
21,70,3,2,0,0
21,87,3,0,4,0
21,43,5,0,0,5
21,29,3,1,0,5
21,85,2,5,0,3
21,21,5,3,1,1
21,51,5,2,0,4
21,41,5,2,2,4
21,49,4,3,1,1
21,15,5,0,0,5
21,8,3,0,2,5
21,40,4,5,0,0
21,3,3,0,1,5
21,10,3,0,3,3
21,61,3,3,0,0
21,78,1,3,0,4
21,68,5,0,5,2
22,40,5,5,0,2
22,34,3,0,0,0
22,83,4,2,3,0
22,38,5,0,3,0
22,85,1,3,0,3
22,94,4,0,4,2
22,81,4,3,1,2
22,13,5,3,0,2
22,55,5,4,3,1
22,7,3,1,0,3
22,24,4,0,4,1
22,59,5,5,0,1
22,106,4,1,0,4
22,98,3,4,3,0
22,48,3,1,0,2
22,108,4,0,1,4
22,3,5,1,3,5
22,33,3,0,3,3
22,71,3,2,0,4
22,64,4,3,4,2
22,95,5,0,5,3
22,20,5,0,3,2
22,100,3,0,3,1
23,2,4,1,0,1
23,13,3,3,0,0
23,75,5,5,2,2
23,34,5,1,0,3
23,90,4,2,4,0
23,94,4,0,4,2
23,72,5,1,0,2
23,96,0,3,4,0
23,102,0,5,0,5
23,20,3,0,3,0
23,92,0,0,4,1
23,107,3,0,0,1
23,42,3,3,0,3
23,48,5,0,1,3
23,65,4,3,2,1
23,56,0,1,5,5
23,27,4,3,0,0
23,91,5,3,2,5
23,105,3,1,2,0
23,19,3,2,5,0
23,64,5,1,4,1
23,95,3,0,3,1
23,33,4,2,3,3
23,17,4,0,4,1
23,55,4,3,1,0
24,18,3,0,0,1
24,46,4,0,5,0
24,73,3,2,0,1
24,101,4,2,4,1
24,97,5,0,0,0
24,48,4,0,3,2
24,77,3,0,5,1
24,13,4,4,1,0
24,85,0,3,0,4
24,78,1,5,2,3
24,60,3,5,1,1
24,88,3,0,0,4
24,59,3,5,0,2
24,40,3,4,0,0
24,94,3,2,4,2
24,37,5,5,2,0
24,9,4,2,5,2
24,42,3,0,0,4
24,84,4,0,4,1
24,4,0,5,4,0
24,52,3,0,2,0
24,70,4,0,1,3
24,31,5,1,4,0
24,66,3,0,1,2
24,90,4,2,5,0
24,17,5,0,5,0
24,98,3,3,1,1
24,106,3,3,0,5
24,55,3,3,0,2
24,62,5,3,0,3
24,107,3,1,0,0
24,82,1,2,3,3
24,30,3,0,0,5
24,74,3,0,0,3
24,71,3,1,0,4
24,11,3,0,2,5
24,69,2,4,0,5
24,64,4,2,3,2
24,103,5,0,5,1
24,96,2,4,4,1
24,10,0,0,5,3
24,99,5,3,0,5
24,80,4,0,0,4
24,44,1,4,0,5
24,100,5,0,0,3
24,51,4,2,0,5
25,24,5,0,5,3
25,81,4,0,0,0
25,14,4,2,1,3
25,17,5,0,4,0
25,16,5,0,0,3
25,56,2,2,5,3
25,4,3,3,4,0
25,64,4,0,4,0
25,2,4,1,0,0
25,40,3,3,2,2
25,96,2,4,4,0
25,20,4,1,1,0
25,107,3,2,1,2
25,88,0,0,1,4
25,74,3,2,0,0
25,57,4,2,1,4
25,108,4,0,3,5
25,7,3,0,0,5
25,87,3,0,3,1
25,9,4,1,3,2
25,100,3,0,1,0
25,27,4,1,0,1
25,83,3,0,5,1
25,80,3,2,1,4
25,25,0,4,0,3
25,6,4,3,0,2
25,93,4,2,4,0
25,5,3,0,0,4
25,43,4,0,3,4
25,51,3,3,0,5
25,41,3,1,0,3
25,38,4,0,3,1
25,86,5,2,2,0
26,61,3,5,0,2
26,5,5,0,0,4
26,71,4,0,0,3
26,72,4,1,0,0
26,94,5,0,5,2
26,12,4,2,3,3
26,80,3,0,0,5
26,33,5,0,5,1
26,78,1,4,0,3
26,91,3,1,3,3
26,20,5,2,0,1
26,79,4,1,0,3
26,49,5,0,0,0
26,55,4,3,1,0
26,56,1,0,5,3
26,69,3,4,1,5
26,19,4,0,4,2
26,4,1,5,4,1
26,2,5,0,2,0
26,98,5,3,3,0
26,67,3,3,0,1
26,76,4,0,0,2
26,68,4,1,5,0
26,62,5,1,1,5
26,74,5,0,2,0
26,59,4,3,3,0
26,100,3,2,3,2
26,101,3,1,5,2
26,90,4,2,3,0
26,14,5,0,2,3
26,73,5,0,2,0
26,24,4,3,4,1
26,44,0,3,2,4
26,13,5,5,0,1
26,13,4,4,0,0
26,75,5,4,1,1
26,51,5,1,0,3
26,11,0,0,1,3
26,28,5,4,3,3
26,9,4,0,5,0
26,53,4,2,1,2
26,41,5,0,1,3
26,105,4,1,1,0
26,32,5,0,0,2
26,83,4,0,3,1
27,41,3,0,0,5
27,17,3,2,3,1
27,11,0,2,0,5
27,94,4,0,5,2
27,12,5,2,0,3
27,58,5,2,5,3
27,24,3,0,4,0
27,52,3,0,0,1
27,91,5,2,0,5
27,32,5,0,1,0
27,66,5,0,0,0
27,48,5,2,1,0
27,69,0,5,2,4
27,108,3,0,1,3
27,74,5,3,0,2
27,89,5,1,4,1
27,97,3,2,0,0
27,51,5,2,0,5
27,82,1,1,2,4
27,77,4,0,3,0
27,20,5,0,0,1
27,37,3,4,0,0
27,93,4,0,4,2
27,98,3,4,0,0
27,76,3,3,0,0
27,35,5,3,0,1
27,29,3,0,1,5
27,84,5,0,3,2
27,5,3,0,1,4
27,46,3,0,4,0
27,8,5,0,0,5
27,1,3,0,3,1
27,72,3,3,0,0
27,96,0,5,4,1
27,44,0,5,0,5
27,88,0,2,0,5
27,33,5,3,5,2
27,40,4,3,0,0
27,62,5,0,0,5
28,84,5,0,4,1
28,37,3,5,1,2
28,12,5,0,2,5
28,89,5,1,3,3
28,40,4,3,0,0
28,74,4,1,0,2
28,7,3,1,1,5
28,39,4,5,0,2
28,94,3,2,3,1
28,95,3,1,3,3
28,106,4,0,2,5
28,56,0,2,3,5
28,8,4,3,1,3
28,65,5,3,0,0
28,59,3,3,3,2
28,66,3,2,2,0
28,62,3,0,2,5
28,23,4,0,3,2
28,40,3,4,3,2
28,83,3,3,5,0
28,72,4,0,0,0
28,28,5,5,0,0
28,4,2,4,3,2
28,54,5,5,0,0
28,33,5,1,3,0
28,51,4,1,0,4
28,1,4,0,3,0
28,42,5,0,1,4
28,104,4,5,0,0
28,46,4,0,3,2
28,101,5,0,3,0
29,89,3,2,3,2
29,105,3,0,2,3
29,26,3,3,0,4
29,104,3,4,2,0
29,66,5,2,0,1
29,84,3,0,5,1
29,34,5,0,0,0
29,20,5,2,1,2
29,6,5,1,1,2
29,108,3,1,3,4
29,24,3,3,3,1
29,81,5,3,1,1
29,73,4,0,0,0
29,38,3,1,4,0
29,72,4,1,3,0
29,98,5,3,0,2
29,3,3,0,0,5
29,59,3,4,1,2
29,28,5,4,3,0
29,15,4,2,0,3
29,61,5,5,1,0
29,71,4,0,0,4
29,102,0,4,2,4
29,7,4,1,1,4
29,49,4,3,2,2
29,53,4,2,1,0
29,88,1,0,3,3
29,67,3,3,2,2
29,13,4,4,0,2
29,16,5,1,2,4
29,35,5,3,2,1
29,86,4,0,1,2
29,65,4,5,0,3
29,60,5,4,0,2
29,46,4,0,3,1
29,25,2,3,0,3
29,23,4,1,5,2
29,101,5,0,3,2
29,68,3,1,3,1
30,13,5,3,0,1
30,77,3,0,5,1
30,3,4,3,2,5
30,36,3,3,3,0
30,42,3,0,0,4
30,78,0,5,2,3
30,98,3,4,2,0
30,55,5,4,0,2
30,48,5,1,0,3
30,7,5,2,0,4
30,107,4,2,0,1
30,70,3,0,3,2
30,101,3,1,4,0
30,35,5,5,0,1
30,96,1,3,3,0
30,83,4,0,5,0
30,50,4,0,2,1
30,24,3,2,3,0
30,32,4,2,2,0
30,108,3,0,0,3
30,56,0,0,5,5
30,88,0,2,1,4
30,59,3,3,0,1
30,82,2,0,0,3
30,20,4,0,2,2
30,64,5,1,3,1
30,29,3,0,0,5
30,27,3,2,0,0
30,94,5,2,5,0
30,23,4,3,5,0
30,41,4,2,0,4
30,93,5,2,5,0
30,72,4,2,2,0
30,54,5,4,2,0
30,74,3,3,1,0
30,105,4,2,0,2
30,85,0,3,2,3
30,19,3,1,4,3
30,65,3,4,1,0
30,92,3,2,5,0
30,99,4,1,2,5
30,104,4,3,2,0
30,63,4,2,3,1
31,43,4,2,0,4
31,17,3,0,3,0
31,91,3,3,2,3
31,21,5,0,2,0
31,108,3,0,0,3
31,92,3,2,3,0
31,81,4,0,0,2
31,67,3,3,0,0
31,99,4,2,2,5
31,66,5,0,0,0
31,20,4,3,2,0
31,16,3,1,3,3
31,48,5,1,0,3
31,18,5,1,0,0
31,107,3,3,1,1
31,4,2,4,4,3
31,45,4,0,3,2
31,93,5,1,4,2
31,2,4,0,0,0
31,100,5,0,0,3
31,75,4,4,0,3
31,5,4,0,1,4
31,5,3,0,0,3
31,73,4,2,1,0
31,32,5,1,2,1
31,88,0,0,1,3
31,103,4,0,3,0
31,56,0,0,5,5
31,42,4,0,3,3
31,38,4,0,4,3
31,59,3,5,1,1
31,35,3,5,3,0
31,27,3,2,0,3
31,46,5,0,4,2
31,12,5,2,2,5
31,19,4,1,5,1
31,8,5,1,0,4
31,84,5,1,5,0
31,106,3,0,1,4
31,97,5,1,0,3
31,15,3,3,2,3
31,13,4,4,0,1
32,105,3,0,0,1
32,26,5,1,0,5
32,28,5,5,0,0
32,41,5,2,0,4
32,18,5,2,0,3
32,7,3,1,0,4
32,108,4,3,0,3
32,99,5,2,0,5
32,94,4,2,3,1
32,25,0,3,0,3
32,91,5,0,0,5
32,21,4,0,0,1
32,16,3,0,0,3
32,14,4,0,3,3
32,87,3,0,5,1
32,89,5,2,3,2
32,78,1,5,0,4
32,72,3,1,1,0
32,35,3,5,1,2
32,82,3,0,0,5
32,96,3,4,5,2
32,51,4,3,1,5
32,65,5,3,2,1
32,40,5,3,0,2
32,57,5,1,0,3
32,101,4,1,4,3
33,50,4,2,2,2
33,88,3,0,3,3
33,3,3,0,1,5
33,45,4,0,4,2
33,77,4,1,4,0
33,62,4,0,0,4
33,8,3,1,0,4
33,32,4,3,0,0
33,108,5,2,2,4
33,48,5,2,0,0
33,95,3,0,3,0
33,82,1,1,0,3
33,75,3,4,0,0
33,12,5,1,2,5
33,36,4,2,3,0
33,28,5,3,0,0
33,5,5,0,0,3
33,72,4,2,0,2
33,13,5,3,0,0
33,70,5,0,0,0
33,44,2,5,1,3
33,93,4,3,3,3
33,85,1,5,0,5
33,69,2,5,0,3
33,76,5,2,2,1
33,39,5,3,0,0
33,34,3,0,1,2
33,81,4,2,0,3
33,58,5,1,3,1
33,71,4,0,0,3
33,94,4,1,5,3
33,52,5,1,0,0
33,63,3,2,5,0
33,106,5,0,3,4
33,24,4,2,5,0
33,56,2,2,3,3
33,60,5,4,3,1
33,49,3,1,3,1
34,108,3,0,2,5
34,28,4,5,1,0
34,71,5,0,2,3
34,57,3,1,0,5
34,6,4,1,2,0
34,69,1,5,0,5
34,46,3,1,4,3
34,88,0,1,3,3
34,104,5,3,0,0
34,5,5,2,0,3
34,13,3,3,3,0
34,18,5,0,1,0
34,93,5,0,3,1
34,22,5,4,0,2
34,9,3,3,4,0
34,70,4,1,2,0
34,96,0,5,3,2
34,62,5,0,0,3
34,32,3,1,0,1
34,73,4,1,2,1
34,20,4,3,2,3
34,40,5,4,2,0
34,89,3,1,5,0
34,51,4,0,0,4
34,33,4,0,5,0
34,35,4,3,0,0
34,106,3,0,3,3
34,7,5,3,3,5
34,84,3,2,5,1
34,59,4,4,3,2
34,72,4,2,0,0
34,48,3,0,1,0
34,65,4,3,0,0
34,17,4,1,3,1
34,63,5,1,4,0
34,4,3,3,3,3
34,40,5,5,3,1
34,41,3,0,1,3
34,8,3,0,3,3
34,55,5,3,0,3
34,74,4,0,0,1
34,77,3,2,4,0
34,49,3,0,0,2
34,37,5,4,0,0
34,58,4,0,3,0
34,30,4,0,0,3
34,1,3,1,3,2
35,78,3,4,0,5
35,22,3,4,1,0
35,55,3,3,1,1
35,106,5,1,3,5
35,77,4,1,5,0
35,66,4,1,1,0
35,33,5,2,4,0
35,64,4,1,5,0
35,39,3,3,1,1
35,5,5,1,0,4
35,35,3,4,0,0
35,7,3,2,2,4
35,27,5,0,0,0
35,74,4,2,1,0
35,84,3,0,5,2
35,17,4,3,4,0
35,5,5,0,0,5
35,41,3,1,0,3
35,9,5,0,3,2
35,75,3,4,2,1
35,82,2,3,0,5
35,44,2,4,0,3
35,97,4,2,0,0
35,42,5,2,0,4
35,46,4,0,3,0
36,44,0,5,0,5
36,15,4,1,0,3
36,56,0,0,3,5
36,41,3,1,0,4
36,42,4,2,0,3
36,72,5,1,0,0
36,60,4,4,2,1
36,40,3,3,0,1
36,20,5,0,2,0
36,22,4,5,0,1
36,19,3,0,5,2
36,106,4,3,0,3
36,101,4,3,3,2
36,93,5,1,3,0
36,5,3,0,1,4
36,7,5,0,0,4
36,78,3,5,0,5
36,8,5,0,3,5
36,104,5,5,0,1
36,24,4,2,5,0
37,42,5,0,0,4
37,49,4,0,0,0
37,36,5,2,3,0
37,104,4,4,1,3
37,32,4,0,0,1
37,8,4,1,0,5
37,85,0,3,3,4
37,81,5,3,1,0
37,72,4,2,3,0
37,45,4,0,3,3
37,83,3,1,5,2
37,98,3,5,0,0
37,15,3,0,0,3
37,107,5,1,1,0
37,99,3,1,0,3
37,73,4,2,0,0
37,35,3,3,1,1
37,47,5,3,0,0
37,30,3,0,3,3
37,76,4,3,0,0
37,19,4,3,4,1
37,3,3,3,0,3
37,60,4,3,2,1
37,13,5,5,1,2
37,12,3,1,1,5
37,95,3,0,3,2
37,27,3,0,0,0
37,13,5,5,0,1
37,82,3,1,1,3
37,66,4,0,0,0
37,90,3,1,5,2
37,67,3,3,1,0
37,52,4,0,0,2
37,88,3,1,2,5
37,6,3,1,0,1
37,28,3,5,1,2
38,76,5,1,0,3
38,95,3,3,3,2
38,10,0,1,3,5
38,13,5,4,0,3
38,29,3,0,0,3
38,96,2,4,3,2
38,48,5,1,0,3
38,39,3,4,0,0
38,103,4,2,3,0
38,55,4,3,0,0
38,59,5,3,0,1
38,101,3,0,5,1
38,33,4,1,5,3
38,62,4,2,2,3
38,7,5,0,0,4
38,5,3,3,3,4
38,28,5,3,3,0
38,24,3,1,5,1
38,67,4,3,2,0
38,52,5,0,0,0
38,17,4,0,4,0
38,47,5,0,0,2
38,108,3,0,2,4
38,40,3,5,0,2
38,45,5,0,4,0
38,20,3,0,3,1
38,4,1,3,4,1
38,63,3,0,3,0
38,15,4,0,1,3
38,25,0,3,2,4
38,70,5,0,0,0
38,78,3,5,3,5
38,23,4,0,5,2
38,85,1,4,0,3
38,87,5,0,3,1
38,92,1,0,5,0
38,104,5,3,0,0
38,42,4,0,2,4
38,56,1,0,5,4
38,97,5,1,2,2
38,49,5,0,1,1
38,90,4,0,5,2
38,16,4,0,1,4
38,12,4,1,1,5
38,37,5,3,1,1
38,83,3,3,5,0
38,64,4,0,3,1
38,46,5,0,3,0
38,11,1,3,2,5
39,30,3,0,2,5
39,47,4,3,0,0
39,64,4,2,3,0
39,94,4,2,4,3
39,87,4,1,4,0
39,70,4,1,1,0
39,103,4,2,3,0
39,80,4,0,1,3
39,35,5,3,2,1
39,7,5,2,0,5
39,98,5,4,0,0
39,34,3,0,1,0
39,76,3,2,3,0
39,58,4,0,4,0
39,91,5,0,0,4
39,105,4,0,2,0
39,71,5,3,1,5
39,40,4,3,0,0
39,90,5,3,3,2
39,29,4,0,3,5
39,12,5,3,1,4
39,14,4,3,0,5
39,56,0,0,5,5
39,66,5,0,0,2
39,59,5,3,2,0
39,23,4,0,3,1
39,107,4,2,3,3
40,89,5,3,5,0
40,2,3,0,2,2
40,3,4,2,2,5
40,107,3,1,0,2
40,92,0,1,4,0
40,41,5,2,0,4
40,9,4,1,4,1
40,1,5,2,3,2
40,78,0,4,3,4
40,75,3,5,0,3
40,22,5,4,1,2
40,42,3,0,1,4
40,40,5,4,2,2
40,96,2,5,5,2
40,104,3,5,2,0
40,43,5,1,2,3
40,18,4,2,0,0
40,60,4,4,2,1
40,83,4,0,4,0
40,27,5,1,0,0
40,35,3,4,0,1
40,67,5,5,0,0
40,82,0,3,2,3
40,59,5,5,2,1
40,58,4,0,3,1
40,46,4,0,5,1
40,69,0,4,3,3
40,30,4,3,0,5
40,49,5,3,0,2
40,40,3,5,0,0
40,34,3,0,0,0
40,65,3,3,1,3
40,93,4,0,4,1
40,97,4,0,0,0
40,10,0,2,3,4
40,4,0,5,4,0
40,86,4,1,1,1
40,87,4,2,5,0
40,98,3,5,1,0
40,84,5,1,4,1
40,52,4,0,0,0
40,24,4,2,5,0
40,95,4,1,5,0
41,5,4,0,2,5
41,60,4,5,2,0
41,91,3,1,3,5
41,15,5,1,0,4
41,65,3,4,2,1
41,103,4,0,4,2
41,68,5,3,4,0
41,10,0,0,4,5
41,37,3,3,3,0
41,18,4,2,0,1
41,26,4,1,0,5
41,63,3,1,4,0
41,6,5,1,1,0
41,107,3,0,2,1
41,99,4,0,2,3
41,106,5,2,0,4
41,20,5,0,2,3
41,40,3,3,3,3
41,8,4,0,1,4
41,24,3,0,3,0
41,83,3,3,5,0
41,53,4,0,0,0
41,85,0,4,0,5
41,101,5,1,3,0
41,36,5,0,4,1
41,102,0,3,0,5
41,108,4,0,3,4
41,4,1,4,3,2
41,96,2,5,4,1
41,12,3,2,0,5
41,80,3,3,2,3
41,48,5,0,0,2
41,73,5,0,0,0
41,19,5,1,3,2
41,52,3,1,3,0
41,50,3,2,2,1
41,64,4,2,5,1
42,61,4,4,0,0
42,64,3,1,4,0
42,22,5,4,3,0
42,10,0,0,5,4
42,3,5,1,3,3
42,93,5,2,5,2
42,24,3,2,5,3
42,99,5,1,0,5
42,65,4,3,1,2
42,98,5,3,0,1
42,95,4,0,3,0
42,92,0,0,5,0
42,13,4,3,0,0
42,101,5,0,5,2
42,11,0,1,0,5
42,76,3,3,1,0
42,48,4,3,0,0
42,105,5,0,0,1
42,77,4,1,4,2
42,71,5,0,1,4
42,9,5,1,4,1
42,83,3,1,3,3
42,21,5,1,1,0
42,97,5,0,3,0
42,18,5,1,0,2
42,82,0,0,0,5
42,32,5,0,2,0
42,40,5,4,0,0
42,107,4,2,0,3
43,32,5,0,1,0
43,87,3,1,3,0
43,83,4,3,4,0
43,75,4,5,1,0
43,55,4,4,0,0
43,88,3,1,1,4
43,5,3,3,1,3
43,7,5,0,0,3
43,93,4,2,5,0
43,94,4,0,3,3
43,70,4,0,1,0
43,73,3,2,0,0
43,105,3,0,1,1
43,41,3,1,3,5
43,82,3,2,0,5
43,45,5,2,5,2
43,10,0,0,5,5
43,29,4,0,0,4
43,80,3,3,1,3
43,106,3,0,3,4
43,37,3,4,0,0
43,65,3,5,3,1
43,46,4,1,4,2
43,18,3,2,1,0
43,12,5,0,2,3
43,23,4,0,5,0
43,104,3,3,2,3
43,42,3,0,0,4
43,53,3,0,2,0
43,79,3,0,2,0
43,95,5,1,3,0
43,6,3,1,0,0
43,34,5,0,0,0
43,74,3,0,2,0
43,1,3,3,4,0
43,86,4,0,3,0
43,57,3,2,3,4
43,89,3,3,4,2
43,3,4,1,0,3
43,64,4,0,4,1
44,14,5,1,0,4
44,13,5,3,3,0
44,91,3,0,1,4
44,57,5,1,2,5
44,88,1,0,1,5
44,29,3,1,0,3
44,90,3,0,4,1
44,24,5,0,3,0
44,27,4,2,0,0
44,103,3,3,5,3
44,45,5,1,5,0
44,58,5,0,3,2
44,59,4,3,2,0
44,36,4,0,4,0
44,92,2,2,5,1
44,21,4,2,2,2
44,94,5,0,3,2
44,86,5,0,2,2
44,78,0,3,0,5
44,42,4,0,0,3
44,63,4,0,5,1
44,17,3,1,5,0
44,77,3,0,4,1
44,95,5,0,4,0
45,68,3,1,4,0
45,21,4,1,2,1
45,102,2,5,2,4
45,38,4,0,3,1
45,63,3,2,3,2
45,26,5,0,2,5
45,93,3,3,4,0
45,8,3,2,1,3
45,101,4,3,5,2
45,87,5,0,5,1
45,95,4,0,5,0
45,1,3,2,3,1
45,107,4,0,0,3
45,15,3,3,0,5
45,51,5,0,1,5
45,62,4,0,0,4
45,75,5,3,0,2
45,40,3,4,0,0
45,50,3,0,1,0
45,10,2,0,3,3
45,36,3,0,5,0
45,82,2,1,2,4
45,5,5,0,0,4
45,106,3,0,0,5
45,6,4,0,0,2
45,77,5,2,5,0
46,96,2,3,3,1
46,25,3,4,1,4
46,55,3,5,2,0
46,41,3,0,3,5
46,45,4,0,5,0
46,73,5,0,2,0
46,9,4,0,4,0
46,19,3,0,5,0
46,69,2,5,2,3
46,89,4,2,4,1
46,92,1,0,5,2
46,39,5,3,3,3
46,90,5,0,4,3
46,37,5,4,0,0
46,65,5,3,1,2
46,77,5,0,3,0
46,67,4,4,0,0
46,33,4,2,5,2
46,47,3,0,1,2
46,82,2,1,0,5
46,74,4,0,0,0
46,75,3,5,0,1
46,66,3,0,1,1
46,57,3,0,0,3
46,53,3,2,3,2
46,54,5,3,1,1
46,97,5,0,2,1
46,35,4,5,0,0
46,68,3,0,4,2
46,78,1,4,2,5
46,6,4,0,0,0
46,3,5,2,0,5
46,94,4,0,5,2
46,99,3,2,2,4
46,103,3,2,3,0
46,48,3,0,1,0
46,59,3,5,0,1
46,40,5,3,0,0
46,84,5,3,4,2
46,100,3,2,0,0
46,13,3,4,1,3
46,16,3,0,0,3
46,102,0,3,2,3
47,75,5,4,0,2
47,81,4,0,2,0
47,38,3,2,5,0
47,56,1,0,4,5
47,77,5,0,4,1
47,49,4,1,2,1
47,69,0,4,0,3
47,58,5,1,4,0
47,4,0,5,3,0
47,76,5,2,0,1
47,67,4,4,1,1
47,100,5,3,2,1
47,23,3,0,4,1
47,32,4,0,2,2
47,55,3,3,0,0
47,61,5,5,1,0
47,5,3,1,2,4
47,9,4,0,4,2
47,46,5,0,5,0
47,80,5,0,1,3
48,71,3,2,3,3
48,76,4,0,0,3
48,74,3,0,0,2
48,86,3,0,0,0
48,31,4,1,4,0
48,82,0,0,1,5
48,68,5,0,5,2
48,35,3,4,2,2
48,57,4,1,0,5
48,95,4,0,4,0
48,53,4,2,2,0
48,33,3,1,4,1
48,103,5,2,5,0
48,10,0,0,4,4
48,45,4,3,5,0
48,27,5,3,0,0
48,104,3,4,0,0
48,40,4,5,0,0
48,3,5,0,0,4
48,52,3,1,3,0
48,99,3,0,0,5
48,59,4,5,1,2
48,47,5,0,0,2
48,11,2,3,0,5
48,37,5,4,0,0
48,88,1,2,1,4
48,40,3,5,0,2
48,22,5,5,3,1
48,60,3,3,0,0
49,92,0,0,3,0
49,64,4,0,3,0
49,28,3,3,1,1
49,76,5,2,2,1
49,69,0,4,0,4
49,56,0,2,3,5
49,88,2,0,2,5
49,7,5,1,2,4
49,50,3,0,2,0
49,58,4,2,3,0
49,86,3,0,2,0
49,8,5,0,0,5
49,33,5,0,5,0
49,63,3,0,3,2
49,53,5,1,2,0
49,84,5,1,4,1
49,95,4,0,3,2
49,44,1,3,2,4
49,75,5,3,0,3
49,74,3,0,0,1
49,1,4,1,3,2
49,5,4,1,2,3
49,37,5,5,0,1
49,99,3,1,3,3
50,29,5,0,2,5
50,18,3,2,0,0
50,17,4,0,5,3
50,100,4,1,2,2
50,61,3,4,0,1
50,30,5,2,1,3
50,102,1,5,1,5
50,36,4,3,4,0
50,20,3,1,2,0
50,9,5,2,5,3
50,105,5,0,1,0
50,65,5,4,1,2
50,3,3,0,3,4
50,53,4,3,1,0
50,5,4,1,0,4
50,95,3,0,5,1
50,88,1,1,0,5
50,15,4,1,0,4
50,108,5,2,2,5
50,6,3,3,0,0
50,44,0,3,1,4
50,54,5,3,3,0
50,50,5,1,0,1
50,70,3,1,0,3
50,47,4,0,1,1
50,74,3,0,3,0
50,104,3,4,1,0
50,101,4,0,3,3
50,42,5,0,1,5
50,46,5,0,5,1
50,11,0,1,3,3
50,26,4,3,0,4
50,12,3,1,3,4
50,93,3,0,5,2
50,4,0,3,4,0
50,103,4,0,3,0
50,13,4,4,0,0
50,22,3,4,2,2
50,57,4,0,0,4
50,86,4,0,0,0
50,58,5,0,5,0
50,67,4,4,3,1
50,35,5,3,0,0
50,21,5,0,3,0
50,10,0,0,4,3
50,40,4,5,2,0
50,52,3,1,2,2
50,56,0,2,3,3
50,87,3,0,5,0
51,2,3,0,0,0
51,60,5,5,1,0
51,27,4,0,1,0
51,28,3,3,0,0
51,103,4,0,4,1
51,84,5,0,3,0
51,33,4,0,5,0
51,82,2,0,0,3
51,77,3,3,5,1
51,102,2,3,0,4
51,71,5,2,0,5
51,93,5,0,3,0
51,61,4,4,0,3
51,89,3,0,3,2
51,56,1,2,3,5
51,29,5,3,0,5
51,8,5,0,0,3
51,46,5,1,4,2
51,44,0,4,0,4
51,101,4,3,3,1
51,104,3,4,2,0
51,63,5,3,5,0
51,66,4,2,0,0
51,42,4,0,1,3
51,22,4,4,2,3
51,106,3,1,1,3
51,23,3,2,5,3
51,3,5,0,2,3
51,41,5,0,2,3
51,24,3,3,5,0
51,4,0,5,4,0
51,53,4,1,0,0
51,91,3,1,2,3
51,45,3,1,3,0
51,52,3,1,0,2
51,58,3,0,4,1
51,26,5,1,2,4
51,85,0,5,0,3
51,99,3,1,0,4
51,100,3,0,0,2
51,39,4,5,3,2
51,88,0,0,0,5
51,14,4,0,0,5
51,98,5,4,1,0
51,20,5,0,0,0
51,16,3,0,2,4
51,81,4,0,0,1
52,5,5,0,0,3
52,24,4,1,4,1
52,34,3,3,2,2
52,44,0,3,1,3
52,46,5,2,3,0
52,12,5,1,3,4
52,52,4,0,1,2
52,64,4,0,3,0
52,10,1,0,5,5
52,37,4,4,0,1
52,80,3,0,0,4
52,29,4,0,2,4
52,72,4,3,0,2
52,96,0,4,3,0
52,89,3,2,4,0
52,16,4,0,2,4
52,22,3,4,1,0
52,66,5,0,1,0
52,47,5,0,1,1
52,48,3,1,0,0
53,103,4,0,4,0
53,93,3,1,5,3
53,79,5,0,0,3
53,3,3,2,3,5
53,17,4,0,5,0
53,26,3,1,0,4
53,25,0,5,1,5
53,5,3,0,0,5
53,30,5,0,1,5
53,65,3,4,0,1
53,21,5,0,2,0
53,8,5,0,0,4
53,72,4,3,0,0
53,105,3,2,0,0
53,13,4,3,2,1
53,73,5,3,0,0
53,70,5,2,0,0
53,80,4,2,2,3
53,32,5,0,0,1
53,44,0,4,1,4
53,104,3,5,2,3
53,16,3,0,1,3
53,85,2,5,2,5
53,62,5,1,2,5
53,38,4,0,5,2
53,28,3,5,1,0
53,90,4,0,5,0
53,51,3,0,2,4
53,59,4,4,2,0
53,92,0,2,5,1
53,11,0,2,1,3
53,2,4,2,0,0
53,71,4,1,0,3
53,31,4,0,5,2
53,67,3,5,1,1
53,5,3,2,1,3
53,54,4,4,1,0
53,86,4,2,2,1
53,97,5,3,2,3
53,74,5,1,2,3
53,108,3,1,0,3
53,24,5,2,5,0
53,1,4,0,3,2
53,37,4,3,0,0
54,60,5,3,0,2
54,63,4,2,3,0
54,105,4,1,3,0
54,1,3,2,5,0
54,57,3,2,2,5
54,49,4,0,1,0
54,56,0,0,3,4
54,48,3,0,0,1
54,12,5,0,3,5
54,42,3,0,1,5
54,45,3,0,4,0
54,47,5,0,3,3
54,22,4,4,2,0
54,17,5,1,5,0
54,2,4,0,3,0
54,62,5,0,2,3
54,36,4,0,5,0
54,68,4,0,5,2
54,38,4,2,4,3
54,93,5,1,5,0
54,4,1,3,3,0
54,102,1,4,0,4
54,33,4,2,4,2
54,27,4,2,0,0
54,96,0,5,3,0
54,71,5,0,1,5
54,41,4,0,1,3
54,46,3,0,3,1
54,65,5,3,0,1
54,51,5,0,2,4
54,75,4,3,0,0
54,34,3,0,2,0
54,100,5,1,0,0
54,103,5,1,5,0
54,61,4,4,0,2
54,87,4,0,3,1
54,69,2,5,1,4
54,13,4,4,2,2
54,94,5,1,4,2
54,11,0,0,2,3
54,32,3,1,0,1
54,39,3,3,0,0
55,82,2,0,0,5
55,62,4,0,0,3
55,80,5,0,0,5
55,76,5,0,0,2
55,6,3,2,0,3
55,2,4,2,1,0
55,77,4,2,5,2
55,74,3,1,0,0
55,104,4,5,0,2
55,34,5,0,2,3
55,10,0,0,5,4
55,50,3,0,0,2
55,55,5,5,2,0
55,60,5,4,1,0
55,22,5,5,1,1
55,21,5,0,1,1
55,71,5,3,0,3
55,43,4,2,0,5
55,108,3,1,0,4
55,78,0,3,0,3
55,59,3,4,2,1
55,94,5,2,4,0
56,63,3,0,4,0
56,12,5,0,0,3
56,100,3,0,0,1
56,42,5,2,0,5
56,76,4,2,0,0
56,11,1,0,0,5
56,5,3,0,0,4
56,74,4,0,3,0
56,14,3,2,2,4
56,104,3,4,3,2
56,95,5,0,5,0
56,71,3,0,0,5
56,43,4,0,1,4
56,3,4,2,0,3
56,96,0,4,4,0
56,87,3,2,4,1
56,99,4,0,1,4
56,59,4,4,0,1
56,92,2,0,5,1
56,83,4,2,3,0
56,35,4,4,0,3
56,27,3,0,0,0
56,70,3,3,0,1
56,37,5,3,0,0
56,53,5,2,0,0
56,67,5,4,0,0
56,6,5,0,0,1
56,90,5,0,4,0
56,75,3,5,0,2
56,9,3,1,4,0
56,4,2,4,4,1
56,40,4,3,0,0
56,69,2,3,0,4
56,32,4,1,1,0
56,89,4,0,3,2
56,82,0,0,0,3
56,22,4,4,0,0
56,56,0,1,3,5
56,26,4,1,0,4
56,31,3,0,5,0
56,48,3,1,0,0
56,49,5,3,0,2
56,55,5,4,2,0
57,30,5,0,3,3
57,99,5,0,0,3
57,73,3,0,0,2
57,63,3,1,3,2
57,15,3,1,2,5
57,19,4,3,3,0
57,80,3,1,1,3
57,105,4,2,0,0
57,48,5,0,0,1
57,88,3,1,2,3
57,38,5,0,5,1
57,67,5,3,0,2
57,69,0,5,3,5
57,62,4,0,0,4
57,93,5,3,3,0
57,97,4,0,0,0
57,11,2,2,2,5
57,83,3,0,4,0
57,68,5,2,4,3
57,26,5,0,3,3
57,91,4,2,0,3
58,95,5,0,5,3
58,73,3,1,3,2
58,91,4,3,1,3
58,48,4,1,2,0
58,72,4,2,3,0
58,96,0,3,5,3
58,50,5,0,0,3
58,14,3,0,0,3
58,21,4,0,0,0
58,52,4,3,0,0
58,94,4,2,4,1
58,25,2,3,3,5
58,23,4,1,4,1
58,98,3,3,0,0
58,107,4,0,2,2
58,65,4,5,0,3
58,55,5,5,0,2
58,74,4,2,0,0
58,68,4,2,4,1
58,24,4,1,3,3
58,88,0,0,0,5
58,15,5,2,0,3
58,18,5,1,0,0
58,39,3,5,0,2
58,26,5,0,2,5
58,56,1,1,5,3
58,44,0,3,3,4
58,49,3,1,2,0
58,105,4,0,2,0
58,20,4,2,0,2
58,11,1,0,0,5
58,57,4,2,0,3
58,12,5,2,1,5
58,103,4,0,5,2
58,35,5,3,2,2
58,45,5,2,4,0
58,37,5,3,0,1
58,31,5,0,3,0
58,29,4,1,0,4
58,32,4,1,1,0
58,27,3,2,3,0
58,86,5,1,0,0
58,19,4,3,5,2
58,70,3,1,1,1
58,30,4,2,2,4
58,53,3,0,0,2
58,104,4,5,3,1
58,102,2,4,1,5
58,58,5,0,5,0
58,60,5,3,3,0
59,104,3,3,0,2
59,98,3,4,0,0
59,96,0,5,3,0
59,90,3,2,4,0
59,45,3,1,5,0
59,5,4,2,0,3
59,28,4,5,0,1
59,78,0,4,2,5
59,12,5,0,1,4
59,89,3,2,3,3
59,84,3,0,4,1
59,46,4,0,3,0
59,13,3,5,2,3
59,15,5,3,0,5
59,14,5,0,2,5
59,8,3,2,3,4
59,37,5,5,2,0
59,40,4,3,1,2
59,76,4,0,0,1
59,47,5,0,0,0
59,44,0,3,0,3
59,36,4,1,3,0
59,103,5,3,3,3
59,85,0,4,0,3
59,65,5,3,2,3
59,56,1,1,5,5
59,38,5,0,5,0
60,79,4,1,3,2
60,63,3,1,5,3
60,30,4,2,0,5
60,40,4,4,0,1
60,57,3,0,2,5
60,13,5,3,2,3
60,85,2,4,2,4
60,61,3,3,1,0
60,6,5,0,1,1
60,88,0,0,0,4
60,44,3,4,0,3
60,67,5,3,0,0
60,50,3,3,0,3
60,66,5,0,0,0
60,53,3,0,0,1
60,106,5,0,0,4
60,41,3,1,2,3
60,40,5,5,0,1
60,51,5,1,0,3
60,59,3,5,0,3
60,70,3,0,1,1
60,34,3,0,1,0
60,17,4,2,4,1
60,97,4,0,1,1
60,3,3,1,0,5
60,35,5,4,0,1
60,95,4,0,4,0
60,100,5,2,2,0
60,65,3,4,1,1
60,90,5,0,4,1
60,76,3,2,0,2
60,54,5,4,1,0
60,86,4,3,1,0
60,4,0,3,4,0
60,32,4,2,2,2
60,14,3,0,0,5
61,48,5,0,2,2
61,38,5,1,5,0
61,53,4,0,3,1
61,73,3,0,0,2
61,76,4,1,2,2
61,4,0,5,4,0
61,72,3,3,0,1
61,65,5,3,0,1
61,5,5,2,1,4
61,75,5,5,1,0
61,10,2,2,5,5
61,29,3,0,1,3
61,87,5,0,5,0
61,21,3,1,0,2
61,23,5,1,3,0
61,79,4,3,2,2
61,26,4,2,3,3
61,86,4,1,0,2
61,37,3,5,2,1
61,102,2,3,0,3
61,12,3,0,2,5
61,105,4,0,0,0
61,104,4,3,0,0
61,60,4,5,2,0
61,25,3,4,2,3
61,39,5,5,0,1
61,51,4,3,0,4
62,107,4,0,0,1
62,50,4,3,1,3
62,10,0,0,3,3
62,23,4,2,3,1
62,108,5,3,0,5
62,12,4,0,2,3
62,56,0,3,4,5
62,30,3,3,0,3
62,20,5,3,0,0
62,91,3,3,3,3
62,8,5,1,2,4
62,94,5,0,3,1
62,13,3,4,2,2
62,25,0,3,1,4
62,66,4,0,0,2
62,41,3,2,0,3
62,76,3,2,1,0
62,82,1,1,2,5
62,16,3,1,2,5
62,42,5,3,1,3
62,59,3,4,0,2
62,22,3,5,2,0
62,73,5,1,2,1
62,80,4,0,3,3
62,7,3,3,0,4
62,77,5,2,5,0
62,86,5,1,0,0
62,40,5,5,2,0
62,61,3,5,0,0
62,33,4,0,5,0
62,35,3,3,0,2
62,27,5,0,0,0
62,19,4,0,3,1
62,70,3,1,2,2
62,2,5,3,1,3
62,93,3,0,4,0
63,16,4,0,0,3
63,9,3,0,4,0
63,69,2,5,0,3
63,76,4,0,2,0
63,28,5,4,0,1
63,92,1,2,5,0
63,43,4,0,0,5
63,93,4,0,5,0
63,101,3,0,3,0
63,14,5,3,1,4
63,30,4,0,0,5
63,13,5,4,0,3
63,23,5,2,4,0
63,73,4,0,2,0
63,102,1,4,0,5
63,97,4,0,2,2
63,19,3,0,5,0
63,15,5,0,3,4
63,40,3,3,0,2
63,47,4,1,0,0
63,80,3,0,0,3
63,18,4,0,2,0
63,60,5,4,2,2
63,12,5,0,2,4
63,79,4,0,1,0
63,68,5,3,3,1
63,85,1,3,1,5
63,61,4,3,1,3
63,51,3,0,0,3
64,13,4,3,3,2
64,83,4,0,4,0
64,40,5,5,3,2
64,4,0,3,3,2
64,60,4,5,0,2
64,102,0,5,1,5
64,18,3,2,0,0
64,19,5,1,3,0
64,86,3,1,0,0
64,1,5,0,4,2
64,57,4,1,2,3
64,43,4,0,2,4
64,54,4,3,0,2
64,66,4,2,1,0
64,3,3,2,1,3
64,70,4,1,0,0
64,64,3,0,3,0
64,74,5,0,2,0
64,107,5,0,0,0
64,17,5,1,3,0
64,96,2,3,5,3
64,51,5,0,2,5
64,65,5,3,2,3
64,46,4,2,4,1
64,41,5,3,1,3
64,62,5,1,1,3
65,5,3,2,1,5
65,81,3,0,1,2
65,38,3,1,4,3
65,98,5,4,0,1
65,14,5,0,0,5
65,5,4,0,0,4
65,91,5,2,0,4
65,19,4,2,4,2
65,20,4,1,0,0
65,21,3,1,2,2
65,25,0,5,0,3
65,16,3,0,0,5
65,54,3,5,1,1
65,57,3,2,0,5
65,44,0,3,2,4
65,40,5,4,2,0
65,26,3,3,3,5
65,97,5,0,0,3
65,48,5,2,0,3
65,10,0,1,5,5
65,84,5,2,5,2
65,31,4,1,5,0
65,49,3,1,0,0
65,63,5,0,4,1
65,4,3,5,3,0
65,105,5,1,0,0
65,99,5,0,2,3
65,104,3,5,1,1
65,41,5,0,0,4
65,101,4,3,4,0
65,61,3,4,0,2
65,102,1,4,0,5
65,32,5,1,0,0
65,89,5,2,4,3
65,56,2,2,5,5
65,43,3,0,0,4
65,6,3,1,3,0
65,60,4,5,0,0
65,106,3,3,1,4
65,17,5,0,3,1
65,78,3,4,3,5
65,59,4,3,2,0
65,39,5,3,1,0
65,36,4,2,5,0
65,58,5,2,3,1
66,54,5,4,3,2
66,28,5,5,2,0
66,43,5,0,1,3
66,21,4,1,0,2
66,49,4,0,1,3
66,92,1,0,5,0
66,80,4,3,2,5
66,33,4,0,4,2
66,4,0,5,4,1
66,41,4,0,3,3
66,94,3,3,3,0
66,50,5,0,0,0
66,48,3,0,0,1
66,74,4,0,0,3
66,8,5,3,0,4
66,11,1,0,0,3
66,79,4,3,0,1
66,51,3,2,2,4
66,53,5,2,0,0
66,65,3,4,3,2
66,78,2,4,2,4
66,63,5,1,4,1
66,89,4,0,5,3
66,5,3,1,1,3
66,31,3,1,5,1
66,44,2,3,0,3
66,40,3,4,0,2
66,84,4,0,5,0
66,99,4,3,1,4
66,25,0,3,1,3
66,26,5,1,0,3
66,69,0,5,0,4
66,36,5,2,5,1
66,16,4,0,2,4
66,27,3,2,0,1
66,72,5,2,0,0
66,3,4,1,2,3
66,52,3,0,2,1
66,102,0,5,1,4
66,85,0,3,3,4
66,98,3,5,3,2
66,17,3,3,5,2
66,58,3,1,3,1
66,66,4,3,0,1
66,10,0,0,3,3
67,79,5,0,2,0
67,33,5,0,5,0
67,66,3,0,0,0
67,21,3,2,2,3
67,98,3,5,0,0
67,35,5,5,2,2
67,28,5,3,3,0
67,107,3,0,2,0
67,64,4,1,3,3
67,75,3,4,0,1
67,45,3,2,3,0
67,81,4,1,2,0
67,22,5,3,0,0
67,7,3,1,1,3
67,61,5,4,1,1
67,69,0,3,0,4
67,9,3,0,4,1
67,43,3,0,3,5
67,47,4,0,3,0
67,91,5,0,0,3
67,63,3,1,5,2
67,23,5,2,5,2
67,88,1,0,2,4
67,36,4,0,4,2
67,24,5,1,5,2
67,94,5,2,3,2
67,10,0,1,4,4
67,4,0,3,3,1
67,25,0,3,0,5
67,80,3,1,2,5
67,30,4,0,2,3
67,5,3,2,0,4
67,76,5,2,0,2
67,82,2,1,0,3
67,60,5,3,2,0
67,41,3,0,1,3
67,93,4,0,3,2
67,16,3,1,0,4
67,2,3,0,2,0
67,95,4,0,4,1
67,83,4,1,4,3
67,8,3,1,0,5
67,37,4,3,3,0
68,2,3,0,2,0
68,75,4,5,0,2
68,89,4,0,5,3
68,14,5,2,2,3
68,38,4,0,5,0
68,93,4,3,3,1
68,45,5,1,4,0
68,98,4,4,2,1
68,77,3,1,3,0
68,5,5,2,0,5
68,65,3,5,0,1
68,58,4,0,3,3
68,39,3,5,0,0
68,63,5,2,5,0
68,72,3,0,2,0
68,34,4,1,0,0
68,76,5,0,1,0
68,49,4,2,1,0
68,100,5,0,1,3
68,29,4,1,0,4
68,50,5,0,0,0
68,82,0,0,0,3
68,28,3,5,0,0
68,67,4,5,3,2
68,40,4,4,0,0
68,103,4,0,5,0
69,17,4,0,3,1
69,72,3,1,0,0
69,68,3,2,5,1
69,92,0,3,4,3
69,50,3,0,0,0
69,71,4,2,0,5
69,69,1,4,0,5
69,9,3,2,4,1
69,27,3,3,0,1
69,54,4,5,0,0
69,102,2,4,0,4
69,23,4,0,3,0
69,39,4,4,0,0
69,63,3,0,4,1
69,108,4,1,0,4
69,38,5,0,3,1
69,60,4,3,3,0
69,62,5,2,0,5
69,82,0,1,0,5
69,42,4,1,0,4
69,53,3,3,0,1
69,87,3,0,5,1
69,85,0,4,0,3
69,22,3,5,2,0
69,94,3,0,4,3
69,1,5,3,5,0
69,40,5,3,0,0
69,5,3,0,0,3
69,19,3,3,3,1
69,90,5,1,4,0
69,8,3,2,1,5
69,26,4,3,1,3
69,11,0,0,3,3
69,35,5,5,0,2
69,55,4,3,0,0
69,46,4,1,4,0
69,73,4,1,0,3
69,36,3,0,4,2
69,49,5,1,0,1
69,13,3,5,3,1
69,97,3,0,2,0
69,20,3,2,1,1
70,28,4,5,0,1
70,53,5,1,0,3
70,24,5,1,3,2
70,45,3,2,3,0
70,46,4,0,4,0
70,1,5,0,3,0
70,89,4,2,3,1
70,22,4,3,0,2
70,34,5,1,0,0
70,52,4,0,0,0
70,103,3,1,5,0
70,72,4,1,3,0
70,25,0,4,0,5
70,56,3,0,5,3
70,31,5,1,5,1
70,105,4,0,1,3
70,5,5,3,0,5
70,79,4,0,3,0
70,70,4,0,2,2
70,88,0,0,2,4
70,4,2,4,5,0
70,11,0,1,0,3
70,9,5,1,3,0
70,60,3,5,1,0
70,40,3,5,2,0
71,85,0,5,0,4
71,98,3,5,0,2
71,108,3,2,3,4
71,60,5,5,0,0
71,78,0,4,0,5
71,101,3,0,5,0
71,3,4,0,0,5
71,20,4,2,0,0
71,26,3,2,3,5
71,31,5,0,3,2
71,94,5,2,3,0
71,61,3,5,0,1
71,11,2,1,3,5
71,8,4,1,3,5
71,52,4,0,0,0
71,86,5,1,2,0
71,5,4,0,2,4
71,32,4,0,0,1
71,77,5,0,4,0
71,99,3,1,3,5
71,58,4,1,5,2
71,96,0,4,4,0
71,14,4,0,0,3
71,90,5,1,3,3
71,18,3,0,2,0
71,105,4,0,2,0
71,46,5,0,5,0
71,50,3,0,2,2
71,42,4,2,0,4
71,97,5,2,3,0
71,44,2,4,1,5
71,80,5,0,3,4
71,106,4,3,0,5
71,47,4,2,0,2
71,9,5,0,4,0
71,5,3,0,0,3
71,37,3,5,0,1
71,72,4,0,1,3
71,104,3,4,0,0
71,88,2,0,1,5
71,6,3,0,0,0
71,89,4,0,5,3
71,27,5,3,0,0
71,17,3,0,3,2
71,59,4,4,0,3
71,2,3,2,2,0
71,30,4,1,0,5
72,103,3,0,5,2
72,31,4,2,5,3
72,81,3,0,3,0
72,6,5,0,0,1
72,37,4,5,0,1
72,5,4,2,2,3
72,10,2,0,5,5
72,29,5,0,0,3
72,16,4,0,0,5
72,23,5,1,3,2
72,39,5,4,1,3
72,51,5,0,0,4
72,27,4,1,0,3
72,48,3,2,1,0
72,20,3,0,3,1
72,86,3,1,0,2
72,83,3,1,5,1
72,65,3,3,2,2
72,12,4,0,0,5
72,73,5,0,2,2
72,56,3,2,3,5
72,32,3,2,0,2
72,24,4,3,5,2
72,35,4,5,0,0
72,93,3,0,4,2
72,26,3,2,2,4
72,75,4,5,0,0
72,50,5,0,3,0
72,99,3,1,0,5
72,17,4,0,4,0
72,14,3,0,0,5
72,13,5,4,0,1
72,95,4,2,5,0
72,82,0,1,0,5
72,49,5,0,1,0
72,68,5,0,4,3
72,61,5,4,0,1
72,100,3,0,0,3
72,28,4,3,0,2
72,96,0,4,3,0
72,60,3,3,1,0
72,34,3,0,0,0
72,42,5,0,1,5
72,19,4,1,3,0
72,66,5,1,0,0
72,33,4,2,4,2
73,61,5,3,0,2
73,5,4,0,1,5
73,88,0,0,2,4
73,18,3,1,0,0
73,41,4,0,0,4
73,73,3,0,1,0
73,67,4,4,0,3
73,56,0,0,4,3
73,7,4,0,2,4
73,37,3,3,0,2
73,17,5,0,3,3
73,104,5,4,2,0
73,5,4,0,0,4
73,70,3,1,2,0
73,13,4,5,0,0
73,20,3,2,0,0
73,33,3,3,4,0
73,9,3,1,5,2
73,93,3,1,3,2
73,29,3,0,0,3
73,80,4,3,0,5
73,75,3,4,3,1
73,65,5,5,0,0
73,46,4,2,4,0
73,66,4,2,1,0
73,31,3,1,5,2
73,16,3,2,1,3
73,22,4,4,1,2
73,83,5,0,5,1
73,60,4,5,0,2
73,40,4,3,2,0
73,45,4,0,5,1
73,35,3,3,0,0
73,59,5,4,3,0
73,58,5,0,3,0
73,106,5,3,0,5
74,7,3,1,0,4
74,79,5,0,0,2
74,80,4,0,1,4
74,13,4,3,2,3
74,26,5,0,1,3
74,67,4,5,0,0
74,22,3,3,0,2
74,52,3,0,0,3
74,55,3,5,3,0
74,66,4,0,0,0
74,64,4,0,5,0
74,94,5,0,3,3
74,10,1,1,3,5
74,46,5,0,4,0
74,83,4,1,3,2
74,47,3,2,0,0
74,86,5,0,0,0
74,106,5,2,1,5
74,77,3,0,3,3
74,6,4,1,0,2
74,81,3,0,3,0
74,44,1,4,2,3
74,13,4,3,0,1
74,60,5,5,2,0
74,50,5,1,0,0
74,21,3,0,1,0
74,82,2,0,2,4
74,75,3,3,0,1
74,40,3,3,2,3
74,103,3,3,3,0
74,11,1,0,1,4
74,17,5,0,3,2
74,69,0,5,0,4
74,4,0,3,3,0
74,24,3,2,3,0
74,27,5,0,1,0
74,43,3,0,0,5
74,31,5,1,4,3
74,49,5,1,0,0
74,105,3,0,1,1
74,32,3,0,2,0
74,70,4,3,3,0
74,36,3,3,3,0
74,25,2,5,3,5
74,62,4,2,1,4
75,89,4,0,4,0
75,94,4,1,4,0
75,23,3,1,3,0
75,47,5,2,0,0
75,74,3,2,2,0
75,54,4,3,0,0
75,5,5,2,0,4
75,17,3,1,4,2
75,33,5,0,3,0
75,4,0,4,3,0
75,105,4,0,3,1
75,106,3,0,0,5
75,60,5,5,0,0
75,27,5,3,1,0
75,26,4,0,0,4
75,84,3,1,3,2
75,19,4,0,3,0
75,103,5,3,3,0
75,56,0,1,5,3
75,51,4,1,3,4
75,2,5,2,0,2
75,83,4,0,5,2
75,42,4,3,0,5
75,72,5,2,0,2
75,35,4,5,0,3
75,90,5,0,5,0
75,81,3,2,0,3
75,25,0,3,0,5
75,10,1,0,4,4
75,18,3,0,0,1
75,31,3,2,3,0
75,13,3,4,2,0
75,45,4,2,4,1
75,55,5,5,0,3
76,12,4,0,0,3
76,76,3,0,0,0
76,59,3,5,0,1
76,108,3,0,0,5
76,69,0,4,0,3
76,85,0,5,0,3
76,5,5,1,0,4
76,27,3,0,2,2
76,47,3,0,1,1
76,14,5,0,0,5
76,49,3,1,0,2
76,19,5,0,4,0
76,3,5,0,2,4
76,104,3,3,2,3
76,21,3,2,1,1
76,31,5,2,4,0
76,37,3,3,0,0
76,16,5,1,0,3
76,105,4,0,0,0
76,33,4,2,4,1
76,22,3,4,0,2
76,44,1,3,0,3
77,107,4,0,1,0
77,106,5,1,2,4
77,95,5,3,3,1
77,80,3,0,0,4
77,60,3,5,2,3
77,105,5,2,0,2
77,102,0,5,1,4
77,64,3,1,3,0
77,34,5,0,2,1
77,72,4,0,1,2
77,28,5,4,0,0
77,75,3,5,0,0
77,59,4,3,0,2
77,85,3,5,0,4
77,14,4,0,2,3
77,79,5,0,2,0
77,93,4,0,4,2
77,63,3,0,4,2
77,35,5,4,1,0
77,47,3,2,2,0
77,25,2,5,2,5
77,98,5,5,0,2
77,44,0,3,2,4
77,74,4,0,1,1
77,27,5,3,0,0
77,1,4,3,5,0
77,40,4,5,0,3
77,45,5,0,4,3
78,10,0,0,4,5
78,14,5,1,0,5
78,84,4,1,5,0
78,82,0,0,0,4
78,93,4,0,5,0
78,96,0,4,3,1
78,4,0,5,5,0
78,86,3,0,0,0
78,57,5,0,0,5
78,5,5,2,2,3
78,40,5,5,0,1
78,13,3,5,0,1
78,29,4,0,0,4
78,22,5,5,2,0
78,64,3,0,3,2
78,103,4,2,4,2
78,21,5,0,0,0
78,35,4,3,0,0
78,7,5,1,0,5
78,70,4,0,0,0
78,27,5,1,2,2
78,65,4,4,1,0
78,98,3,5,0,0
78,32,5,0,1,2
78,63,5,1,5,0
78,13,3,5,0,0
78,52,5,1,1,0
78,75,4,3,1,1
78,8,3,0,2,3
78,95,5,0,4,3
78,91,5,1,3,5
78,108,3,0,3,5
78,37,5,4,0,0
78,87,3,1,5,1
78,30,3,0,2,5
78,105,5,2,1,2
78,15,5,2,0,5
78,51,3,1,2,4
78,47,3,0,0,0
78,90,3,0,3,1
78,5,3,0,0,4
79,53,5,0,3,1
79,41,5,1,3,5
79,15,4,0,0,4
79,107,5,1,1,3
79,81,3,0,0,1
79,42,5,2,1,4
79,11,1,2,1,4
79,72,3,2,1,1
79,96,0,4,4,1
79,27,5,0,2,1
79,52,4,1,0,1
79,35,3,3,1,0
79,64,3,2,3,0
79,62,5,2,2,4
79,34,3,0,0,0
79,92,1,2,5,3
79,65,3,5,1,1
79,91,5,2,3,3
79,94,3,0,3,2
79,32,3,0,0,0
79,79,4,0,0,0
79,12,5,0,0,5
79,46,3,0,5,0
79,76,5,2,0,0
79,60,4,5,0,2
79,89,5,0,3,3
79,19,4,0,3,3
79,97,3,1,2,1
79,108,4,0,1,4
79,2,3,1,2,2
79,25,0,4,0,3
79,100,5,2,0,0
79,59,5,4,1,1
79,44,0,3,0,5
79,28,5,4,2,0
79,106,4,2,2,5
79,36,4,1,3,0
79,86,4,2,0,0
79,5,4,2,0,3
80,11,0,3,2,4
80,88,0,2,0,3
80,105,5,0,1,0
80,75,4,5,0,0
80,9,4,0,4,1
80,19,3,3,5,0
80,91,5,2,2,3
80,42,5,0,0,3
80,5,4,2,3,3
80,20,5,0,0,0
80,29,4,1,2,4
80,108,4,0,1,5
80,15,4,0,3,4
80,7,3,0,0,5
80,24,4,3,3,2
80,56,0,3,4,4
80,76,5,1,1,0
80,2,4,1,0,2
80,48,5,1,0,3
80,44,0,4,0,3
80,101,4,2,5,0
80,82,0,0,0,4
80,68,4,0,4,3
80,59,5,5,0,0
80,26,5,2,1,4
80,41,4,3,2,4
80,74,3,0,0,2
80,13,4,4,0,1
80,71,3,0,1,5
80,57,5,3,0,4
80,3,4,0,0,5
80,49,4,1,3,0
80,63,3,0,3,1
80,34,4,2,0,0
80,87,5,0,5,2
80,94,3,0,5,0
80,37,3,5,1,0
80,12,4,0,0,3
80,28,3,3,1,3
80,85,0,4,2,5
80,81,3,1,1,0
80,93,3,0,3,0
80,14,3,0,0,4
81,70,4,1,1,0
81,41,3,1,0,3
81,45,3,1,4,0
81,74,5,1,3,0
81,75,3,4,0,1
81,37,4,3,0,1
81,60,3,4,0,0
81,88,1,2,2,5
81,50,5,0,0,0
81,79,5,0,0,3
81,83,5,0,3,2
81,53,4,0,2,0
81,29,3,1,0,3
81,38,5,1,5,1
81,96,0,5,3,0
81,34,3,3,3,0
81,72,4,3,0,0
81,84,5,0,3,0
81,62,3,0,3,3
81,89,3,2,3,0
81,25,3,3,2,4
81,35,4,3,1,1
81,76,4,0,1,1
81,13,3,3,1,0
81,12,5,2,0,3
81,32,5,1,0,1
81,107,3,2,0,3
81,68,4,0,5,2
81,104,3,5,0,1
82,42,4,0,0,5
82,76,3,0,0,0
82,59,3,3,2,2
82,69,0,3,0,3
82,15,5,3,0,3
82,67,4,3,1,2
82,82,1,1,3,3
82,58,4,0,3,1
82,93,4,0,4,0
82,55,3,4,1,1
82,88,2,2,0,5
82,91,5,1,0,4
82,100,5,2,1,2
82,102,0,3,0,4
82,19,5,1,3,1
82,13,3,5,0,0
82,105,4,0,0,1
82,71,4,3,1,5
82,20,5,1,1,1
82,54,5,3,0,0
82,97,5,0,1,2
82,5,3,0,0,4
82,65,5,3,1,0
82,48,5,3,3,2
82,32,5,1,0,1
82,39,4,3,1,2
82,64,3,1,5,0
82,66,5,3,3,0
82,87,5,2,3,2
82,62,4,0,3,3
82,28,5,4,2,0
82,103,3,3,3,2
82,80,4,0,0,5
83,92,1,1,3,0
83,56,0,1,3,5
83,51,4,2,1,5
83,22,3,4,1,3
83,69,1,4,1,5
83,38,3,0,3,3
83,44,0,5,2,3
83,78,0,3,3,5
83,61,5,3,0,0
83,54,5,5,1,3
83,20,3,1,0,2
83,95,3,1,5,2
83,35,5,5,1,1
83,14,4,0,3,5
83,16,4,3,2,4
83,33,5,0,3,0
83,49,3,0,1,2
83,31,5,0,3,0
83,39,5,4,3,0
83,79,4,0,1,1
83,102,0,3,3,5
83,40,4,4,1,3
83,88,0,2,0,5
83,24,5,1,3,3
83,11,2,3,0,4
83,18,5,0,1,1
83,85,0,3,0,3
83,80,3,0,2,4
83,73,4,0,1,1
83,2,4,2,0,0
83,41,5,0,2,5
83,5,5,0,3,4
83,62,3,0,0,3
83,82,3,3,0,3
83,9,3,0,4,1
83,52,4,2,1,0
83,101,3,0,4,0
83,25,1,3,0,5
83,32,5,1,0,1
83,67,5,3,0,1
84,49,4,0,1,0
84,91,4,0,0,5
84,55,3,4,2,2
84,52,3,1,0,3
84,43,3,3,2,4
84,50,3,3,2,3
84,40,5,4,1,0
84,7,5,2,2,4
84,69,0,4,1,3
84,59,5,3,2,0
84,24,5,0,3,0
84,8,4,0,0,5
84,90,4,1,3,0
84,53,3,0,3,0
84,80,3,2,1,5
84,67,5,4,2,0
84,87,5,0,3,0
84,75,5,3,0,3
84,12,4,0,0,5
84,18,5,0,2,1
84,16,3,2,0,3
84,21,3,2,3,0
84,4,0,3,4,1
84,28,5,4,0,0
84,22,5,3,2,1
84,85,2,3,1,5
84,97,5,1,0,0
84,15,4,3,1,4
84,38,5,3,5,1
84,92,2,2,5,3
84,5,5,0,2,3
84,19,4,2,3,1
84,81,4,2,0,3
84,64,5,0,3,0
84,10,0,1,4,5
84,94,3,2,3,2
84,72,3,1,2,1
85,47,5,3,0,1
85,14,4,1,2,5
85,6,5,2,2,0
85,76,3,1,1,2
85,30,5,3,0,4
85,106,5,3,3,3
85,15,4,2,0,3
85,12,3,0,0,3
85,67,3,5,3,0
85,100,4,0,1,2
85,41,3,2,0,3
85,74,3,0,1,3
85,70,4,1,3,3
85,84,4,3,4,2
85,99,4,1,3,3
85,17,3,3,3,2
85,40,5,4,0,0
85,23,3,2,4,1
85,40,3,3,1,0
85,93,4,0,4,2
85,103,5,0,3,2
85,94,5,0,4,2
85,3,5,0,0,4
85,85,3,5,3,5
85,8,4,3,1,5
85,29,4,0,1,3
85,91,4,2,1,4
85,33,4,2,4,0
85,101,3,0,5,0
85,102,2,5,3,4
85,16,3,0,1,3
85,79,3,0,0,0
85,54,3,3,0,2
85,89,3,0,4,1
85,53,5,3,0,0
85,31,5,0,5,0
85,57,4,2,0,3
85,5,4,0,0,3
85,36,4,0,3,0
85,2,5,0,3,1
85,21,3,3,0,2
85,105,4,1,3,2
85,65,4,3,1,1
85,88,1,2,0,4
86,2,3,0,2,3
86,69,1,4,0,5
86,72,5,3,0,0
86,55,3,3,0,1
86,17,4,0,4,0
86,83,5,0,3,2
86,5,3,0,1,5
86,87,4,2,5,0
86,81,3,2,0,0
86,24,3,0,5,0
86,42,4,3,0,5
86,8,4,1,0,4
86,40,5,5,2,2
86,46,4,2,3,2
86,29,4,1,2,5
86,49,3,1,0,3
86,41,5,3,2,4
86,86,4,3,3,2
86,104,4,3,2,1
86,21,3,0,1,1
86,71,3,2,1,5
86,6,3,3,0,0
86,73,4,1,3,0
86,67,3,5,1,1
86,36,3,1,3,0
86,68,3,2,4,0
86,32,4,0,2,1
86,45,4,2,4,0
86,53,4,0,0,0
86,31,4,1,4,2
86,92,0,0,3,0
86,94,5,2,5,0
86,54,5,4,2,1
86,13,3,5,0,1
86,64,5,0,5,2
86,79,3,1,1,2
86,100,5,0,2,0
86,43,3,0,0,4
86,107,5,0,0,0
86,16,3,0,2,5
86,97,3,2,1,0
87,23,4,0,4,2
87,103,3,0,4,2
87,37,3,5,0,0
87,28,3,3,0,0
87,55,5,3,1,3
87,13,3,5,0,2
87,5,3,0,0,3
87,77,3,0,3,3
87,36,5,2,4,0
87,101,4,2,5,0
87,10,0,2,3,4
87,74,3,2,0,3
87,99,3,0,1,5
87,57,5,2,1,5
87,83,4,1,5,0
87,69,3,4,2,4
87,52,3,3,0,0
87,25,0,4,2,4
87,66,5,0,2,1
87,53,5,0,2,0
87,85,2,5,2,3
87,8,3,1,0,4
87,68,4,2,3,0
87,62,5,2,1,5
87,72,4,1,0,0
87,32,4,1,0,0
87,35,3,3,2,2
88,15,4,0,0,3
88,78,0,3,0,5
88,88,0,1,0,4
88,24,3,2,4,0
88,32,5,0,2,0
88,103,5,0,5,1
88,14,3,0,0,3
88,29,4,2,0,3
88,80,3,2,0,4
88,86,5,2,0,1
88,76,5,0,0,1
88,39,3,3,1,0
88,1,3,3,3,2
88,53,5,0,0,2
88,51,4,0,0,3
88,60,4,4,2,1
88,67,3,3,2,0
88,85,3,4,1,5
88,68,4,0,4,2
88,23,4,1,5,1
88,52,3,3,1,0
88,84,3,0,3,1
88,102,2,5,1,5
88,6,3,3,1,0
88,34,4,0,0,0
88,10,0,2,3,3
88,41,3,2,3,4
88,96,0,4,4,0
88,65,3,3,3,2
88,54,5,4,0,3
88,73,4,0,0,3
88,7,4,0,0,3
88,63,3,0,4,2
88,74,4,0,0,2
88,92,2,0,4,0
88,104,4,5,2,0
88,11,0,1,0,5
88,77,3,0,5,3
88,46,3,1,5,0
89,51,4,0,1,5
89,65,4,3,2,2
89,75,3,5,3,0
89,96,0,3,3,0
89,63,3,2,4,0
89,21,5,1,1,0
89,38,4,0,3,0
89,35,5,5,0,1
89,46,3,1,4,1
89,55,4,4,1,0
89,73,4,0,0,3
89,5,3,0,0,3
89,88,0,0,0,3
89,13,3,4,0,2
89,43,3,1,1,3
89,82,0,0,1,5
89,92,0,0,4,0
89,78,1,4,0,5
89,5,5,0,1,4
89,61,4,3,2,2
89,20,4,0,1,0
89,89,4,0,3,2
89,36,3,0,4,1
89,64,4,2,5,2
89,91,3,0,2,4
89,7,4,1,1,3
89,42,5,3,0,5
89,39,4,3,0,3
89,33,5,3,5,0
89,77,3,1,4,0
89,40,5,5,3,1
89,40,5,3,1,0
89,106,5,1,2,5
89,11,0,3,1,3
89,67,4,5,1,1
89,83,4,3,4,0
89,57,4,1,0,3
89,104,4,3,1,3
89,16,3,0,1,3
89,85,0,4,2,3
89,28,5,5,0,0
89,3,3,0,0,5
89,52,3,3,1,0
89,50,3,0,0,0
89,49,4,0,0,2
89,90,5,3,5,1
89,69,0,5,2,5
89,26,5,1,2,4
90,97,4,1,1,2
90,82,0,2,0,3
90,38,5,0,3,2
90,40,5,5,0,0
90,23,5,0,4,0
90,65,3,5,0,1
90,59,4,4,3,1
90,20,3,0,0,0
90,72,5,0,0,3
90,36,4,0,3,0
90,95,3,3,4,0
90,68,3,1,5,2
90,5,5,0,0,3
90,27,5,0,2,0
90,91,3,0,2,4
90,54,4,4,3,0
90,28,4,4,0,3
90,106,4,1,2,3
90,14,5,0,0,3
90,80,5,0,0,4
90,64,3,1,4,0
90,76,3,0,1,0
90,87,3,1,3,2
90,11,0,0,0,3
90,46,3,2,5,3
90,73,4,0,1,3
90,77,3,1,5,3
90,18,5,2,1,0
90,4,0,3,4,2
90,13,4,5,0,0
90,32,3,2,2,0
91,86,5,2,2,0
91,28,5,4,2,2
91,73,5,1,3,0
91,91,3,2,0,3
91,52,3,0,3,0
91,51,4,0,2,5
91,78,0,4,0,5
91,49,4,1,0,0
91,108,4,0,3,3
91,68,4,1,5,1
91,105,5,0,1,0
91,57,4,0,0,5
91,17,5,0,4,0
91,75,4,5,0,0
91,67,4,5,1,0
91,83,5,1,4,1
91,9,5,0,5,1
91,2,3,1,0,3
91,63,5,0,5,0
91,71,3,0,2,5
91,69,0,3,1,5
91,7,5,0,1,5
91,23,4,0,4,1
91,107,3,3,2,0
91,20,4,0,2,0
91,99,4,0,0,4
91,5,4,1,1,3
91,82,2,0,0,3
91,39,4,4,0,0
91,4,1,5,4,0
91,96,0,5,3,0
92,18,3,0,1,2
92,52,5,1,0,0
92,59,3,4,2,0
92,9,5,0,3,0
92,38,4,3,4,2
92,101,4,0,4,1
92,104,5,3,2,0
92,15,4,0,0,5
92,78,0,4,2,4
92,68,3,2,5,1
92,40,4,4,0,0
92,1,3,0,3,1
92,3,5,0,3,4
92,70,5,0,0,2
92,42,3,3,0,5
92,22,4,5,0,0
92,72,3,2,1,0
92,107,5,1,2,2
92,95,5,2,3,0
92,23,3,0,4,3
92,55,3,4,0,0
92,83,4,0,4,3
92,4,2,5,4,0
92,6,5,0,2,0
92,67,3,3,0,1
92,24,5,0,5,0
92,62,4,0,3,4
92,27,3,0,1,0
92,85,0,4,0,3
92,11,0,3,0,3
92,84,4,0,5,2
92,14,5,0,0,5
92,92,0,2,3,0
92,43,3,0,0,3
92,34,3,2,0,0
92,106,4,0,3,5
92,12,5,0,0,5
92,96,0,4,3,1
92,37,5,4,0,1
92,64,3,0,3,2
92,32,4,1,1,0
92,69,0,3,0,5
93,55,3,5,2,2
93,86,5,2,0,0
93,67,3,5,1,0
93,33,4,0,5,0
93,71,5,0,1,4
93,45,5,0,5,1
93,102,0,3,2,5
93,40,5,5,0,0
93,84,4,3,4,0
93,97,4,3,2,0
93,72,4,0,0,2
93,54,3,4,1,0
93,88,0,3,1,4
93,13,5,5,0,1
93,52,3,0,3,0
93,44,0,4,1,4
93,14,5,1,0,4
93,53,3,2,0,0
93,34,3,3,3,1
93,35,3,3,1,0
93,91,3,2,2,3
93,5,3,1,1,4
94,55,3,4,0,0
94,56,1,1,3,5
94,46,3,1,5,2
94,22,3,5,1,1
94,32,5,3,0,0
94,43,4,3,0,5
94,41,5,2,0,5
94,71,4,0,2,5
94,11,0,2,2,5
94,74,5,0,2,2
94,20,3,3,0,0
94,69,0,4,0,4
94,92,1,2,5,0
94,75,5,3,0,0
94,35,5,5,0,2
94,7,3,2,0,5
94,72,5,0,0,1
94,105,5,2,0,1
94,2,3,3,0,2
94,33,5,2,4,1
94,50,4,0,2,0
94,94,5,1,4,2
94,9,4,0,3,0
94,30,4,0,1,4
94,100,5,0,0,1
94,82,1,1,3,5
94,14,4,0,1,4
94,60,4,5,2,1
94,102,0,5,2,4
94,17,4,1,4,0
94,15,3,0,1,4
94,103,5,0,3,0
94,36,5,0,3,2
94,96,0,3,5,2
94,40,3,4,0,1
94,37,3,5,0,0
94,68,4,1,4,2
94,62,3,2,0,4
94,99,3,1,1,3
94,10,2,0,3,5
94,79,3,0,3,2
94,80,4,0,0,4
94,31,5,2,5,1
94,3,5,2,0,5
94,4,0,5,4,2
94,6,5,1,0,0
95,66,5,0,0,1
95,105,5,0,1,1
95,53,5,0,1,0
95,32,4,0,0,1
95,65,3,5,2,2
95,23,5,2,3,2
95,56,3,2,4,4
95,58,5,0,3,1
95,14,3,2,0,4
95,60,5,3,3,0
95,62,5,2,0,3
95,51,3,3,0,4
95,36,4,0,4,0
95,10,0,1,3,5
95,87,3,0,3,3
95,34,3,3,1,3
95,73,3,0,0,0
95,30,4,0,2,5
95,98,4,5,0,0
95,94,4,0,3,1
95,69,0,3,2,4
95,89,5,2,4,0
95,64,4,3,3,0
95,9,4,0,4,0
95,6,4,1,3,0
95,93,5,2,5,0
95,97,3,0,1,1
95,57,4,0,0,3
96,67,3,4,2,2
96,26,5,2,1,3
96,23,4,0,3,0
96,77,5,3,5,1
96,16,3,1,0,4
96,11,0,2,0,3
96,1,5,0,3,0
96,84,5,0,4,0
96,8,5,0,0,4
96,35,3,4,0,1
96,83,3,2,5,0
96,7,5,1,0,5
96,20,4,2,0,2
96,82,1,1,2,3
96,108,5,1,3,4
96,54,4,3,0,2
96,90,4,0,5,0
96,49,4,0,0,0
96,71,5,1,0,5
96,91,5,2,0,5
96,37,5,5,0,0
96,31,5,0,5,1
96,40,5,5,0,1
96,76,3,2,0,0
96,41,3,2,1,5
96,63,5,2,5,0
96,66,4,0,0,2
96,38,4,0,5,0
96,100,5,2,0,0
96,79,4,2,2,2
96,28,5,4,1,0
96,33,5,0,3,1
96,22,4,3,1,3
96,10,1,0,3,5
96,13,5,4,3,1
96,46,5,0,4,0
96,92,0,1,5,0
96,58,5,2,3,2
96,52,3,2,0,0
96,99,4,2,0,4
96,19,4,3,4,0
96,36,5,2,3,2
96,55,3,5,2,2
96,94,5,0,3,0
96,40,3,5,0,0
96,4,2,5,5,3
96,51,4,3,2,3
96,3,4,0,1,3
96,2,5,0,2,0
97,47,3,2,0,2
97,5,5,0,1,3
97,44,3,5,0,5
97,65,3,4,2,1
97,51,4,2,0,4
97,13,3,5,0,2
97,94,5,2,5,0
97,82,0,0,2,5
97,69,2,3,0,5
97,11,2,0,1,5
97,33,4,1,3,0
97,81,3,0,0,0
97,1,5,0,4,2
97,15,5,2,2,4
97,42,4,0,2,3
97,35,3,3,0,0
97,17,3,0,3,1
97,26,5,3,1,3
97,84,5,3,4,2
97,58,3,1,3,0
97,73,3,2,0,0
97,91,5,0,1,3
97,85,0,5,2,3
97,98,3,5,0,1
97,80,5,0,0,3
97,106,3,0,2,5
97,32,4,2,2,0
97,83,5,2,3,1
97,25,2,5,0,4
97,38,3,0,4,3
97,10,3,3,3,5
97,74,4,1,3,2
97,29,4,0,0,3
97,45,5,1,3,2
97,43,3,2,2,4
97,89,4,2,4,0
97,19,5,1,3,3
97,14,4,0,1,5
97,22,5,3,0,1
97,6,4,0,1,0
97,46,4,0,4,0
97,24,3,0,4,2
97,34,5,3,0,2
97,105,3,1,1,0
97,78,3,5,0,3
98,16,5,2,0,3
98,51,5,2,0,3
98,57,5,0,2,3
98,28,5,5,0,0
98,60,5,4,2,0
98,72,3,0,2,0
98,97,5,3,2,2
98,106,5,2,0,4
98,84,4,2,3,3
98,29,4,0,0,4
98,75,3,4,1,0
98,61,5,4,1,2
98,56,2,0,4,3
98,77,5,3,5,0
98,34,3,0,2,0
98,67,3,3,1,0
98,89,5,0,5,0
98,96,2,3,3,3
98,42,5,0,2,4
98,79,5,3,0,1
98,3,5,1,2,5
98,8,5,2,0,4
98,80,4,0,0,3
98,47,4,1,1,0
99,5,4,0,0,4
99,28,5,3,1,3
99,2,4,0,1,3
99,79,5,1,1,1
99,40,5,4,0,2
99,41,4,0,3,4
99,24,4,1,3,2
99,37,4,4,0,2
99,71,5,0,0,3
99,40,5,3,0,0
99,78,0,4,1,3
99,51,3,0,0,5
99,52,3,2,0,2
99,38,4,3,3,0
99,84,5,0,3,1
99,36,3,2,5,0
99,104,3,4,2,0
99,3,5,0,0,5
99,74,4,0,0,0
99,16,5,2,0,3
99,46,3,0,3,2
99,21,5,0,2,2
99,72,3,0,1,0
100,7,4,3,0,5
100,9,5,1,3,0
100,2,4,2,3,0
100,56,0,0,5,3
100,99,5,0,3,5
100,100,4,2,3,1
100,46,3,1,5,1
100,11,3,0,0,3
100,12,3,0,0,5
100,106,4,0,1,4
100,55,4,4,0,1
100,101,3,3,3,1
100,96,0,3,3,0
100,26,5,0,0,3
100,42,5,0,1,5
100,19,3,0,3,2
100,74,4,1,2,1
100,84,5,0,5,2
100,5,4,3,0,3
100,45,5,1,5,1
100,97,5,0,0,3
100,35,4,5,0,0
100,40,4,5,2,2
100,21,4,0,1,0
100,64,5,3,5,2
100,22,4,4,0,0
100,3,5,3,2,3
100,10,2,0,3,3
100,13,4,4,3,0
100,98,4,4,0,2
100,30,4,3,3,3
100,68,4,1,5,3
100,27,3,0,0,3
100,33,4,3,4,0
100,90,5,3,5,0
100,81,4,1,0,2
100,53,4,0,2,1
100,57,3,2,0,3
100,28,3,4,0,1
100,37,4,5,2,2
100,63,3,0,4,2
100,24,3,2,3,2
100,89,4,0,3,1
100,32,4,3,0,0
100,39,4,3,2,0
100,59,3,4,0,0
100,4,1,3,4,0
